id,toxic,severe_toxic,obscene,threat,insult,identity_hate
thelastvortigaunt,0.09245539982730197,0.009216736426267467,0.04169014718487239,0.003681763571717295,0.04425670251544088,0.011364286766652647
Malkav1379,0.10571367547756531,0.010552190823229165,0.04641193757164037,0.003717978777820876,0.052540093192644695,0.010910295257789105
thelastvortigaunt,0.11987577630448609,0.010078960305216092,0.04568845393387583,0.003807439649594859,0.049176934434124416,0.012207097719657042
erwinthehamsandwich,0.20144406803259665,0.011024398606933786,0.054811527316190836,0.004304359119089594,0.0659869742744692,0.012294144829837279
Mr_Pricklepants,0.07531318967522968,0.008003010273563175,0.0348970174699698,0.0034036164655381626,0.036426305186382846,0.009694222815603155
chnlswmr,0.14867301243375278,0.011099834889353295,0.0520793910891633,0.004278118009991356,0.06450613804261726,0.010494424909678914
chnlswmr,0.14867301243375278,0.011099834889353295,0.0520793910891633,0.004278118009991356,0.06450613804261726,0.010494424909678914
souv,0.06242669438649694,0.007242484052986207,0.03024182614867834,0.003245546577520746,0.03077739760825037,0.007607474899520586
TexDen,0.057803197612945854,0.006404668495409739,0.030597283018403056,0.0032529334076965323,0.02619681532175608,0.007324290475801229
PoliticalHivemind,0.12023974100216649,0.010574307338316486,0.04588930395104058,0.003929339100022934,0.04974918749536217,0.011393932988927324
HALLZY69,0.1436326721377132,0.006901369853351093,0.0433601372859791,0.0031132615722624215,0.05250279218027809,0.008209683585883447
Outlulz,0.08914461057892517,0.007202691235631139,0.032011444680447275,0.003438938080867165,0.032319483777827784,0.008705329484466635
tregea,0.10667108786753166,0.008459435308461506,0.04441483113944564,0.003520795829379163,0.04499324742254069,0.009683358613378093
Bake-me,0.37510367854326176,0.030847827925642682,0.2823244056243482,0.004133710193099832,0.17741448072599048,0.013669735181711478
Duthos,0.05449997921903521,0.006404116980686503,0.027671283112970107,0.003055585959611183,0.023260002324713754,0.0074731375750152415
Traithan,0.06076432155024324,0.005866883243472978,0.027188125821527312,0.004008892724262677,0.025613712950600477,0.0077163661994881765
TonyCheeseSteak,0.026126008208204522,0.00396643570505022,0.017155731669526168,0.002722382739728394,0.013939825415419995,0.005365669571039979
chono,0.04171901432340061,0.004507999074871841,0.02082399208149437,0.0028840159333953846,0.019660664739305063,0.005974582445781681
vvelox,0.10353772168300825,0.007526914390672442,0.04787149507160532,0.003645178913939948,0.037685264090288655,0.008334795274904258
chono,0.06710935153097211,0.005474139900443846,0.03153785524589305,0.002983426324379529,0.0293023864601231,0.007224523474342932
JoshuaFB,0.05015487244040207,0.005096636997905007,0.02674118785421284,0.002737346535140773,0.023532288994412138,0.006774021387761141
juanchopancho,0.08288317378942613,0.008390634179974538,0.03542048333828077,0.003541111945262107,0.04231363336446208,0.009531953187123247
BerateBirthers,0.08865607976952913,0.008337829874804515,0.03822534446806492,0.0036793924020234276,0.03933840778466692,0.010323089265465043
grande_hohner,0.17573551553117342,0.013592200360613324,0.06408118543894842,0.004439012968175679,0.06955152793486959,0.013249613742683563
Panzergrenadier,0.21777509408930834,0.01878539294705378,0.09231190927917697,0.0038402367934835526,0.15331036954256275,0.014302247039985425
Hijoshikina,0.08261330719883227,0.005463392349909292,0.03337997351313698,0.0031556583862485396,0.02787371418941181,0.006838424103798066
lovethismfincountry,0.09469211235719877,0.00702115075391714,0.03626175526243688,0.0034200376230425966,0.03456065615161674,0.008993981012210883
Hijoshikina,0.12358670790950212,0.008760654512898066,0.048742693548381226,0.0036607584599899585,0.053104560518880725,0.01135656186211177
 ,0.0420776204673505,0.006280464344280236,0.025014578523634035,0.003112387978545986,0.024071979827410588,0.008167775475303193
lovethismfincountry,0.7317933971529696,0.01832929463188424,0.2837371571207053,0.004140384080703664,0.33725930870647586,0.021263002835918688
gynoceros,0.08602119773736998,0.007024380746427188,0.038088391878044754,0.0034363056815768923,0.037917072494738496,0.00842122209886901
namefaceguy,0.10547818294484045,0.0052538947743005285,0.03382755838437997,0.0028846762586083275,0.043745816366620636,0.007441957222668704
teacherdrama,0.15758457706377257,0.006479351417985252,0.053029630999214386,0.00356236935590546,0.038095857660261356,0.007307842036158813
Oscar_Wilde_Ride,0.10589067815555103,0.006399810664152206,0.03613075319679671,0.00345631345650627,0.03855886178200833,0.0082318881027648
s0ck,0.06041348765072905,0.0063596382558015405,0.028942213812469236,0.0032104306151182053,0.03173789694908043,0.007770941689657897
JustAnotherJon,0.06231874446395519,0.004458087023288077,0.02283210319571248,0.0028602835151562756,0.024076392684259335,0.006266504235732438
teacherdrama,0.050395468896986644,0.003955824308149446,0.021757506607375084,0.002583160177782011,0.01941687904390862,0.005759675461782606
stopit,0.06056961559085578,0.006569115613055292,0.026540723209046095,0.0030601675145895783,0.027724243219758266,0.008160564338146572
teacherdrama,0.034304627335323315,0.004113697131157133,0.017847472669077664,0.002698500963671663,0.015650182052539135,0.0051399407316782735
stopit,0.12279087146096886,0.0057722395297127435,0.03588395992301376,0.003227573131082617,0.040658470749045474,0.00794137972875281
teacherdrama,0.04696765526845503,0.003638567897601356,0.019811492692705747,0.002694019177862741,0.020194573248607333,0.005713294428544977
stopit,0.06326639197117762,0.00753839776061938,0.030697863205569546,0.0033632895654463206,0.03278733834330032,0.009289374824568935
teacherdrama,0.061192736247326324,0.007740073130942307,0.02842619764651719,0.003496516730174996,0.027240218445667274,0.0089169588022624
JustAnotherJon,0.03375622572787431,0.003695562049929658,0.01945237772640324,0.0025226073262895696,0.014363563315499431,0.005272938900663097
teacherdrama,0.11174952858114572,0.005575663680867296,0.04931181143901954,0.0030648699395753173,0.03894157132390454,0.007566566991707353
Oddjob1313,0.07091585726527427,0.004881946955738398,0.03024135425657968,0.002678720039862282,0.028805081607109095,0.006470230928005312
 ,0.1131749100250576,0.009156974728805986,0.045778788473105264,0.004049536596315126,0.048706465478235,0.009979331802084532
aredditormaybe,0.1256415451071798,0.005691743215243034,0.04323168210275167,0.0032158427431154095,0.050735042476380186,0.008490079372796758
namefaceguy,0.27705027277797095,0.00996980117040731,0.09873852049927485,0.003809679996726414,0.08600569765544647,0.010453307116981555
gynoceros,0.05679027018576577,0.005165951466058804,0.028000532665724706,0.0030881408403501975,0.02302999854229741,0.007577876406315595
7Redacted,0.0874126251527247,0.006898297888455792,0.04015762255240388,0.0033273334580765056,0.0351777971448939,0.008450528870636104
fishmaster2012,0.09728680417738228,0.007399721092624111,0.03930568217048425,0.003725821784351618,0.042148441403860565,0.007925961823351502
Samueul,0.44319425475861124,0.012479643790430858,0.17499630797005442,0.0045649492788636835,0.1464149126746816,0.013372917428666106
gynoceros,0.196491665346519,0.01134760226672084,0.07879403484004913,0.0040555949058474015,0.08130532354114912,0.013497688002622249
Samueul,0.14460448040996948,0.008798495749192748,0.05608097470701353,0.004084756156825539,0.060386797444385826,0.011058009236015444
legion02,0.051851883608188265,0.00709855403576648,0.028468085216269496,0.0033372641773058414,0.025878094928071745,0.007930792037566518
despicable_secret,0.058511843392142306,0.005673838679898016,0.027178974018693253,0.003011652899820941,0.021542050967549447,0.006650642893595465
TonyCheeseSteak,0.04038552019990971,0.005498397409603599,0.023090894207728613,0.003070841191505969,0.02163244419548606,0.007349579199263698
xena_derpina,0.05850415079049102,0.004493919212091699,0.026620753192456034,0.0029394200335570316,0.025049278299119005,0.007083417938928872
spelczech,0.06486369767510515,0.0055643690565400005,0.028182760225386305,0.002922099274670174,0.026085701156653877,0.007038425974945421
loondawg,0.02837543042584417,0.004339579502852036,0.017467064661396223,0.002608927488870063,0.015852021373608954,0.005534640283926859
rmmdjmdam,0.030939244456627407,0.004662103833689354,0.01752741580901229,0.0028610666673407554,0.01563033284619055,0.005951664092772658
TonyCheeseSteak,0.04945312021394697,0.005431524021578302,0.027387002720169893,0.0031490950964446493,0.023524287050673102,0.007138075013883564
rmmdjmdam,0.03646986271210516,0.0042435410375487315,0.01974262008040913,0.0026749691324288046,0.01858301044962653,0.0059150319898761145
TonyCheeseSteak,0.04083458821083916,0.003594069927346214,0.02036163341595884,0.0027212475061726494,0.01849489766679928,0.005847944031989376
rmmdjmdam,0.0227169386264918,0.002689025896091112,0.013290743867342837,0.002296840035885071,0.010744063868736648,0.004529115514806364
 ,0.07547098272364186,0.005271326316769045,0.02642338174864506,0.00301542378405377,0.026451618092103744,0.007519506593133689
TonyCheeseSteak,0.0712608545399144,0.004642815011192429,0.026641997444247747,0.0027735368260758536,0.021696897644243467,0.0070237845158945475
 ,0.1300144434233008,0.008191743163325339,0.05546699937138274,0.0035385678375544944,0.053014468698587884,0.01101035957969667
 ,0.16849255569490362,0.008278957105961429,0.07283058619587741,0.003402392836871044,0.05413036625110948,0.00994998099129401
 ,0.09231702463723698,0.005704875347229245,0.03680853010430533,0.0030085168312334637,0.03297798142640636,0.007989124908158991
SAFETY-DANCE,0.19121897987944653,0.012654362838261532,0.07442471128385612,0.00466510024559402,0.08271508804416129,0.01234037948509409
luftwaffle0,0.0610012616173108,0.0041688672379499485,0.02263564030775712,0.0029661122387843394,0.024023595366431262,0.006910850837447213
YouGonnaGetRaped,0.7646546001397458,0.0669110107062075,0.5200254612178044,0.006401613899682747,0.35306718657570707,0.04211298759892956
Tahrnation,0.12974215630845895,0.00995590430917693,0.05812156495128294,0.003936546829962004,0.05883490966510067,0.010887592480763153
lovethismfincountry,0.4320670899863075,0.01362764128866842,0.08569702188994442,0.005014741224549215,0.12652757795439817,0.01827204523934843
SatinHandyWipe,0.41828548381789266,0.010142867004517721,0.10859835536830265,0.0039096428731849745,0.12840902356935532,0.013439047635497347
luftwaffle0,0.11927434255342187,0.007562094881379981,0.053372699945633095,0.0037130411806255187,0.052240903911810646,0.010498843337322417
nabrok,0.2773685955718476,0.007390996651734741,0.06788919303847456,0.0034113720115276367,0.08686434669178256,0.014089975524950405
luftwaffle0,0.04425404796595458,0.005161368361980192,0.021547836604660305,0.0027909609771887985,0.017858486307327986,0.006678616347099401
LocalMadman,0.10987767433713394,0.00944925895697311,0.047299677923998834,0.0038054345860543547,0.046642347017275085,0.009567624783766614
luftwaffle0,0.12547750844595223,0.010512641590666116,0.05596434135600225,0.0038610596137201437,0.05938582877840164,0.010756583225456624
LocalMadman,0.6459915610841875,0.021556831761813295,0.28689076849029554,0.004716464748387821,0.25362050790659957,0.01876762426509817
luftwaffle0,0.1831526075851623,0.009696080864726706,0.06259884926426426,0.003895923138644704,0.06602976228950899,0.011258900365832963
LocalMadman,0.0737203499215563,0.005701252346969356,0.03506359034369884,0.0030670629281461244,0.029104564047045898,0.0075370752929483946
luftwaffle0,0.059201594123409806,0.0055974286328624515,0.028561932621254154,0.0029690334579354823,0.02505256207964684,0.007308123930299256
LocalMadman,0.12030961234085605,0.0055256296145819546,0.06596732426931184,0.0031886374814058724,0.030307739951542654,0.00701523347981066
luftwaffle0,0.10068329706511205,0.008454443258676845,0.0348359649005297,0.0035407458703662206,0.04098918212981752,0.009146498986754535
LocalMadman,0.07669365109621115,0.007296981326596384,0.03189219696387554,0.0032610517684148457,0.030238775236799634,0.007983017514946318
luftwaffle0,0.12068681698156022,0.006535949083936845,0.039202762083147484,0.003227850905484438,0.04517049765838528,0.008424588755465458
LocalMadman,0.19102776099491992,0.015868188798843903,0.1287420232651438,0.0036719409983950032,0.0718266263876973,0.009956173684811142
nabrok,0.05071957419516211,0.006183363654585797,0.024501359691702754,0.002913140693220739,0.0243209300960578,0.007652611873668834
luftwaffle0,0.19719173884630645,0.011838949187523587,0.11838289255035242,0.0032330040209312587,0.07201537896187882,0.008782150219644238
loondawg,0.07807944860176141,0.005630183608010861,0.027778027716895713,0.0030044015620233314,0.027546253486013233,0.008376055312421238
luftwaffle0,0.09015419413291542,0.003991537021291459,0.02616612287031792,0.0025884014459098023,0.027566721551806277,0.006998334481157438
loondawg,0.05619494024734073,0.00412798939784294,0.02310896247142288,0.002618793543650621,0.019323337692788503,0.006670160073972386
luftwaffle0,0.05690677088462605,0.004765674838238319,0.025396432901341328,0.0028919130546874302,0.01917780825026373,0.007946704390491992
loondawg,0.027930568834078535,0.004498886323239524,0.01980394271718311,0.002585500067666552,0.01590660972103171,0.005581098214486189
JustAnotherJon,0.23195233056133627,0.007126195428137297,0.05768319287593485,0.0032704936975590125,0.06663999479999315,0.012485853335713075
nabrok,0.13716429135462266,0.008016761011497687,0.04390847351530787,0.003636808102985355,0.05356233880190195,0.012023884724153822
epicwinguy101,0.3625515830719162,0.011553170848425231,0.0927000642685695,0.004135904516733996,0.16126749430001142,0.017130549541148274
nabrok,0.21285126373939892,0.009371637195538384,0.07081927154363735,0.0037068132543978637,0.09600176872324058,0.015061011105174354
barjonah,0.10073479964978987,0.006658377389980653,0.0401241270227918,0.0033320307593006733,0.03712234171899222,0.010914051806504845
 ,0.1701840083800915,0.011085074552778393,0.06383447902253313,0.004143994083720167,0.06774141754171382,0.012746856644418976
7Redacted,0.13131224995404103,0.008732440715709031,0.04292454052751872,0.0037593212533192735,0.05703907272859279,0.00942002577417096
Grouchymarxist,0.0691014359271311,0.005831336347668417,0.027175978382192736,0.003475767331144499,0.027282763158732185,0.00769269282066302
Voduar,0.11654753294521666,0.007380720962720744,0.04848473344242916,0.0037377968167381396,0.047298191211623375,0.010241501355343994
Fitting_Wire_Quote,0.19946168825157246,0.010826376518302984,0.0681747720111457,0.004422360753030877,0.07797068115882032,0.012478097437478256
MeteorPhoenix,0.10950333060623865,0.007938748033135596,0.0435901277507578,0.0037387898053873976,0.04385389943037896,0.009953088772174348
 ,0.13693606321482987,0.009947127201690364,0.05080193271640903,0.004117700401814997,0.04692871623987423,0.013421625461185551
glutenfree123,0.7032195435085642,0.04112760228331083,0.5236425027959337,0.004582079128739165,0.4813749853521992,0.01527350841341949
KhalifaKid,0.06720407051579923,0.007138277608895317,0.030231730578260254,0.003408293024798957,0.03252169834255443,0.00920440686288829
executex,0.1084611920431395,0.0056054723778503675,0.034686131970719215,0.003323070858081185,0.03117779638073158,0.0071531543768117494
armacitis,0.09469247459307074,0.008008476302261815,0.04613202630728704,0.0034510418848587893,0.043463897234428756,0.008586572495003136
executex,0.19662759340216923,0.007887940483299315,0.057684254604871976,0.003702458272841192,0.060177578444341406,0.01065621383058727
 ,0.09495782516705176,0.009396694456048299,0.039236792858294546,0.003643913105976564,0.04498475372231675,0.008963350661866813
executex,0.029661843548432595,0.0042991368392396884,0.01629100868638322,0.0027689471918421254,0.015996263306197196,0.005661284780100542
 ,0.16810884864511344,0.007470700866875176,0.06681002033445518,0.0036649759926277786,0.047869237234335824,0.00907998170667137
JustAnotherJon,0.06929571227846396,0.00510045299040289,0.031897356641057216,0.003299576890161435,0.027203297720933026,0.00741271492611125
aredditormaybe,0.055290634374246105,0.005035326457401739,0.025617971969173026,0.0030402956254311463,0.024475584088978333,0.007471963040734248
pduff3,0.0884934708318279,0.005713893260721416,0.03531718074563718,0.003241420318742204,0.03624999502371846,0.009033177202113383
ActionJaxson,0.05276956450976641,0.006014081293185097,0.020310049573714285,0.0031311622288696457,0.019475712602213927,0.007865443270593044
flo-BAMA,0.06967329038059471,0.008237667714104578,0.030707408286178905,0.003536123901005846,0.029539325418849054,0.008768635946237554
HellHaven,0.09931559393038733,0.007429813605459155,0.03794104399129187,0.003451684479460982,0.03745014853315028,0.008939306589855563
GhostofGod,0.043404705154828874,0.005992178982836846,0.02572863080004827,0.002916825115842995,0.023590838959253572,0.007242961292888138
HellHaven,0.09210919655300574,0.007966980909895987,0.03551575657493662,0.0037409369215157706,0.038120395857745515,0.009695552261886916
gilthanan,0.23195341501219083,0.008419198210204053,0.06977179008517309,0.004285623457218007,0.07342971807011886,0.010987655551873851
bored_lurker,0.1355320894055905,0.010514172478546222,0.05202211645222967,0.004098334491565535,0.06054159294065426,0.011146590163214055
 ,0.20583152400963595,0.014243998648656199,0.10804319166471345,0.003936178745277201,0.07264868129801359,0.012391409927334547
zapper877,0.2581135928740583,0.013533103787642074,0.14213611723869551,0.004027317821024943,0.08644339046774513,0.013491942333766459
jpnoel,0.15696271038497966,0.007105775043177048,0.05082046484111189,0.0033647746742017067,0.05378998742726448,0.010774094404225958
chnlswmr,0.200316535407605,0.010380442639590077,0.08379957597617713,0.003645114875922799,0.06033971420136119,0.011465600852325264
vettenyy,0.0546603207094213,0.0051760602080148,0.02548477942729094,0.0029267775020603375,0.024329726222300792,0.007112427670932247
ThatWasStupid,0.051932669571681016,0.008057264784791395,0.026468094852730082,0.003344493242560319,0.025167406003563028,0.008499429027185671
 ,0.24928452559313716,0.0128479394866668,0.11229062075916053,0.005020456100188787,0.07707081450107288,0.013095420752323976
 ,0.21320974253752448,0.010830671328194794,0.10229949467322194,0.004275449355069898,0.06904975339513032,0.010913006702438213
armacitis,0.09777782321911327,0.008689432544116828,0.03873854164819414,0.003737218757595914,0.045297357237543474,0.010462231201208969
luveroftrees,0.11410697684323533,0.008351728007932728,0.045179711363013846,0.0038088665618042903,0.046073293970164755,0.010677677171002853
luveroftrees,0.1219480306693956,0.0073649030950933,0.0482024151381491,0.003439149438530629,0.058459018522925434,0.009702586681032755
Sixelona,0.09699311052780521,0.007614046567125282,0.0406249164223317,0.0032520640893919637,0.038211544547613545,0.009519192994146924
TwoDeuces,0.05929681782308275,0.0036526676496097827,0.022952571838455414,0.0026124193625238243,0.02031216104052483,0.00617217209679948
jauntygoat,0.12235878024889285,0.006879042724669259,0.04363421974814164,0.003308859171878316,0.04244494106237805,0.008710799159095572
crimsonnate,0.10296546315252676,0.007053983722358218,0.046029305558755465,0.003285199532184203,0.03923918605883767,0.0093202785269103
mcstankin,0.07637690001057278,0.00837213988977234,0.04324574725681675,0.0034548431928483393,0.0365540050368579,0.009234945693952305
Ezaroth,0.03848344121278264,0.00481403548948962,0.021321447579293773,0.002810915982120648,0.01972810625746771,0.006899831114902163
Bobby_Marks,0.0759048846935629,0.008308644257428171,0.03661727405936662,0.0037843352948678543,0.0393883665858287,0.009238336997670654
crimsonnate,0.05141511683649003,0.006042804525564718,0.02954058210598229,0.0029813026812191288,0.027760626299123424,0.0062142269788088384
Bobby_Marks,0.040514820733883634,0.006019604661348006,0.024189290581842698,0.0028836561414665785,0.020107665049514667,0.007255801562484073
crimsonnate,0.06901298557830328,0.006533667979840029,0.03223765658399004,0.0031600812261116953,0.03136690420976782,0.007281413691478437
SayNo2Kryptonite,0.09121903631042624,0.007177827510326574,0.03794420563925129,0.003202722802284598,0.03148844985602302,0.007729584027864112
OnosKT,0.07353366319072223,0.0076707842332067264,0.037391608416446245,0.003373035220457577,0.03157281412809283,0.009029943835766786
s3gfau1t,0.03330143770337866,0.0044089108655556725,0.01908800104806068,0.00282134388558449,0.016818024004241015,0.006175012236043105
SuckMyKochBr0s,0.07368951438502643,0.008442622193410777,0.03508613127556571,0.003562582661699929,0.034898867307293274,0.00926013496339271
continuusocean,0.1822992911511863,0.009711344639336447,0.0664904470312638,0.003629252272918452,0.07548431646435742,0.01112421145075766
 ,0.07577311253964268,0.00730654271967924,0.03374617786036847,0.003409887667129072,0.03170434840400458,0.009920833484374012
Hijoshikina,0.08654255589132424,0.0065233304275595545,0.03782053781430606,0.0031721424388762103,0.03495610507262213,0.008228509697303349
pokeurmom,0.08364608269931006,0.007093562372643863,0.035371585002373085,0.003092228655097879,0.038615407801633875,0.010132227122040873
Rogue__Genius,0.11044277849565427,0.00871635381185031,0.0557810984667959,0.0034533663665681047,0.05264673228977841,0.00927114756305976
carrythefire,0.06392005267715761,0.0063710614205682164,0.031107742650780545,0.0032599277397188106,0.030259323479946306,0.00876804165165443
jakenichols,0.24180289690502152,0.013461092447951333,0.12693904654514254,0.0034364190068331604,0.06893955886621071,0.010698488282257003
I_slap_racist_faces,0.08869708609350835,0.007595761217717731,0.03795626635489156,0.0031279558222067276,0.03821250976678315,0.007697038263072108
jesuz,0.05658715681099464,0.005516818486230308,0.02924054740836769,0.003239855064696722,0.02340595839152516,0.006971821377122149
lovethismfincountry,0.148141165996036,0.011386272871764011,0.05581070727005233,0.0039046669490561694,0.057647315595261955,0.013065976089412191
jesuz,0.10429970224090844,0.008852668463386235,0.037113091162668,0.0033639003670788603,0.03805926724997462,0.010546761264951798
BerateBirthers,0.10060148891179499,0.00927556143580347,0.0471985758636273,0.003629268740723038,0.0449694584118261,0.010341322728818813
carrythefire,0.05679829782134724,0.006123192918854252,0.031576779399253165,0.0033140933270276625,0.028706882958497514,0.008405727689310284
BerateBirthers,0.32544913911177564,0.012449732338645882,0.10414371212924046,0.0035987101916807466,0.11699114277311401,0.019984774396632175
carrythefire,0.06520127903157989,0.008480116053421966,0.03432128224626054,0.003429472690918443,0.039273556444837744,0.008761876428394095
blunsandbeers,0.11154912518694664,0.006046733109340233,0.04191135707170906,0.0035635950950844153,0.041280336424127415,0.007536505576426104
BCP27,0.06329037676924774,0.0076553750451380026,0.03266247284891633,0.0032553819665152137,0.02547026793253645,0.008669520272303081
Microdoted,0.08221378730176314,0.008469894788804088,0.04103530700167305,0.0036540975648682045,0.04068759906747858,0.00861712047394656
BCP27,0.07638039091988844,0.006042144836584988,0.033010902502456724,0.003237742285377612,0.028223752525906663,0.007874008109174473
epicwinguy101,0.15231608327840265,0.008831405748217322,0.05582933119436344,0.0036204554297162156,0.06662795008142984,0.01178643489083555
dracling,0.06607459171273895,0.008028990372420719,0.0334234917127407,0.0032164506629737315,0.035112797198211025,0.009666888857631723
badgermom47,0.0809022145611665,0.01035750445272846,0.036975942460340916,0.0036379722778364224,0.03800857939900381,0.011659716731804574
xena_derpina,0.07880453402478009,0.005850723318192034,0.03245957970977863,0.003472010951354954,0.03260225039944497,0.008210647079734899
futue_te_ipsum,0.20467339162947007,0.012728200350765132,0.09936666034138522,0.005232391307020613,0.09996974973578208,0.014700376247740767
StoltzP,0.33201548291675753,0.016507723325028617,0.17319215694380136,0.00485608769534938,0.10713325718523929,0.012175745007850175
 ,0.0580742710025196,0.007098132831072321,0.02764841179733848,0.003161156002361855,0.02439299285182059,0.00792795158307996
futue_te_ipsum,0.05952424808264744,0.0057077559741369865,0.025507544778317497,0.0030785908063756685,0.025918580113764557,0.007646946002733601
Maverick1717,0.0993070965791973,0.010884188524908347,0.047606290298234225,0.0037304732332333113,0.047407902658187256,0.011376710757379177
JuggernautClass,0.09307057988846094,0.007957807990976973,0.042302904692840336,0.003764085938049323,0.04191302621694739,0.009380980047243592
sounddude,0.12092144038552842,0.00991147766585507,0.0552882032581317,0.0038179984733875605,0.055369039814631225,0.012275291034831631
txtbookpisces,0.08918966961740592,0.008701288452815181,0.03917788594965608,0.0036581522842076887,0.03839039446890968,0.009780101475382278
Raiancap,0.047333362892897704,0.006273618729444154,0.025831401217229006,0.0029682523874652086,0.023768196222502674,0.007076978034435387
mcstankin,0.07617312203131432,0.007978662677020874,0.03412456313421878,0.003625753687269335,0.034257366007843834,0.009606999788602702
 ,0.09495782516705176,0.009396694456048299,0.039236792858294546,0.003643913105976564,0.04498475372231675,0.008963350661866813
Raiancap,0.07236350921043709,0.005733371727555584,0.025340903583773958,0.0030516828144402258,0.025373000822420905,0.007240020060833219
badgermom47,0.10298361732324343,0.0075621382195212306,0.03862289590068735,0.0032757663602601067,0.04390533516685334,0.009509162819709337
skymotion,0.5664561409366089,0.039289798046924555,0.4009153461465304,0.006066277187963027,0.2789106086004681,0.023733784366868155
RenfXVI,0.08239075414078155,0.00783637460128939,0.036159360941817466,0.0034626397243604358,0.038312105069767184,0.00887567273357518
skymotion,0.3282547212534559,0.010520764548057155,0.11132211691257508,0.004701940360089674,0.11847019770481698,0.011083052369267855
lostinthemyst3,0.13855989175127112,0.010734894450150233,0.05343503285110991,0.004303152943087639,0.061510127190156846,0.01203382318242696
 ,0.09230823431531136,0.00572494347596592,0.03587729854721444,0.0029203571133711304,0.029174927823683257,0.008127564646902206
executex,0.08075527371699448,0.005543560172955382,0.030834887754205342,0.0029659268931636297,0.03335190197635683,0.008293122820811629
 ,0.05686068305864997,0.005103005267606545,0.02796868883091397,0.003453210923826346,0.0246637129828503,0.006576133295548834
executex,0.059309718335270115,0.005819932965433632,0.029159545372040435,0.003125704518538361,0.026588714954100257,0.007208967736132551
 ,0.09790950500609977,0.006839850156372918,0.0361256862785799,0.0034874330231976962,0.045495313077972346,0.008116112853137038
despicable_secret,0.34497980829835423,0.018504461343573538,0.22227617557813478,0.005242264514113856,0.10755742126263976,0.012253797329107264
Kamaria,0.08269671182132693,0.007486845706371772,0.04248593008350023,0.0032134586729415035,0.03529866424277295,0.009338113646031689
BerateBirthers,0.2317980888924082,0.008852154895691819,0.05045681334393541,0.0035081773035587384,0.06579477170133342,0.009113163074496347
jayhawk1115,0.04096791292337231,0.01140670652194543,0.03537703913792231,0.0041337248278995155,0.0378784753233848,0.00921750459642176
Spaceman4Life,0.08168164116693559,0.006347812425936326,0.028588829154344166,0.00329214726594662,0.03016084594090844,0.008623719247800133
adamanything,0.058887599462166096,0.006824969910196762,0.031154731076726325,0.003043767584188218,0.0278612035753607,0.008085533812571986
deadjawa,0.1038956654310783,0.007280148901657198,0.038805667989655866,0.0034609387598671286,0.04052444495500418,0.009260079997676734
adamanything,0.038101345188476285,0.00421207528946776,0.019451276262168343,0.002619224238041845,0.016424056862244567,0.0058258662089476
luveroftrees,0.15889496897208763,0.009361523664469315,0.0695657480143807,0.003939460316504688,0.0668768044209495,0.011602015921899179
SatinHandyWipe,0.09932413859611032,0.008335143747044,0.04563983932267998,0.003652017394803349,0.05294903009280323,0.009838790304925921
Deutoto,0.04787165116369107,0.007344431838447786,0.02766514707991406,0.003155012696330889,0.027919533597670187,0.008187581678510034
CosmosGame,0.03722348701425966,0.003702076178438318,0.020125506135371115,0.0027260400220143113,0.015326379012929964,0.005584630688115486
Afrodaddy,0.08730526620516654,0.006308488202335341,0.03812491406945158,0.0038907501557903152,0.039010866182407296,0.008084871067898671
ab3nnion,0.05094168703149627,0.0076965525647320196,0.025752928508865194,0.002979326581478902,0.024904413163685215,0.007993909699885452
MrMathamagician,0.12340108928440406,0.01021773384608576,0.05367112785927716,0.003865098112452183,0.06354667616046225,0.012042524871512349
philosarapter,0.04534089427204527,0.006842189297102713,0.025538816734784833,0.003256732303369621,0.021780705781401833,0.007887372872601297
 ,0.12337943760095658,0.007459293998673428,0.04573513242667682,0.0033318867941643385,0.04318460348848988,0.009047900388675074
ramblingpariah,0.37514201819348103,0.009779691997870793,0.10435645812942658,0.0039051008472108487,0.12020978469241612,0.012455895052478672
 ,0.1402184064044939,0.01118016796076627,0.07004666507795537,0.0035278196686496996,0.06016501822624834,0.011990757550605238
 ,0.03839592356994633,0.005150369959275696,0.021752592976718423,0.0026997324283611285,0.01882709553942303,0.006345054760606259
 ,0.06034558701280627,0.006938512527773331,0.026207875736114526,0.00336022881950656,0.0271270946060652,0.007307611187873692
 ,0.09473500447520262,0.008839331871940555,0.03999926914789649,0.003780399753397458,0.04170735828167671,0.00959665073792063
YouthInRevolt,0.09253862961639252,0.008526939098333332,0.04458748439330469,0.003480946929627229,0.040731287427809376,0.011050301264697474
Panasonic307,0.1217241743398666,0.008679004964797838,0.0446986408816971,0.0036000449098263724,0.05105240442825755,0.010158876147387424
ImMystikz,0.11580146814070957,0.009509656483636353,0.049118176231932015,0.0034125439922077848,0.04300902189475917,0.01155453221393967
brkello,0.04806962196881968,0.0061867408804927105,0.026177243417824743,0.0030722131255950754,0.024649046352820208,0.007640363603923151
LocalMadman,0.11664928295741102,0.00583609289409548,0.032880186537474806,0.002831379481264034,0.03900361237302888,0.007266148151854315
luveroftrees,0.1944243371103367,0.007533299587312676,0.05849116963032484,0.003209921423177444,0.07873017964864133,0.008665199386498639
 ,0.08846163260596002,0.008703245559600609,0.04394776190249709,0.003634116574198223,0.04280471574173839,0.010283519036853752
nfirm,0.0632239014368881,0.009944527124991828,0.03312554305259165,0.003502821709364283,0.036272781936375,0.011361789868286813
canthidecomments,0.0706764228492474,0.006117625812722232,0.0376625739941599,0.0029732988726280003,0.030356131639497446,0.008511830346223517
Shoden,0.07074069689088712,0.008225095948105852,0.040844851730877076,0.0033931535547033543,0.0364633615725295,0.009896815190128815
canthidecomments,0.11006736011630223,0.005389330555891402,0.04213219120297923,0.0032312728234586666,0.04633280041645965,0.008914963446415396
Shoden,0.0702196861803122,0.006608210104035466,0.03796630052209494,0.003320796710759194,0.03545996024634967,0.007969529180760385
canthidecomments,0.06865687057183478,0.007895996039857455,0.03965961985547981,0.0034006557627714175,0.03956592086283587,0.00898448351784843
Shoden,0.06642387392018953,0.0066247120229589,0.037020838320723705,0.0031687085360665116,0.034965922829717506,0.00831953004125671
canthidecomments,0.08554955211666355,0.004770123999831156,0.035840382054975896,0.0028458532656737757,0.03581220325494443,0.008611685847674489
Shoden,0.08566303967483187,0.005813001895239559,0.03292457102172731,0.0030038477130158734,0.032732692986346554,0.00867607420231092
canthidecomments,0.18422491744928837,0.00759806397317613,0.0677904966142173,0.0036642135609211255,0.06919456487587011,0.011447874706108814
Shoden,0.21799984277918646,0.0066593624101091075,0.07159661172450431,0.003764594833109328,0.07485615591664045,0.011209849517651685
canthidecomments,0.029117470140628893,0.004228743456373838,0.021426020764568003,0.0026797183298989313,0.015319140580576134,0.005110948755106162
Shoden,0.07189084903912232,0.0059667231699299834,0.041397929449973815,0.0029099474643116607,0.03102468337853997,0.006989028041881921
sspaiva,0.15020229944875232,0.006909093468287875,0.06357836746418867,0.0030866166272543855,0.04320368054445003,0.00830360576479104
 ,0.09423600480469387,0.006437067388550458,0.046974755890849575,0.0029456027465393055,0.033392069976347645,0.007134547722418277
sspaiva,0.1406414294216584,0.01267484831900365,0.08027702263810507,0.003951072355467096,0.08322521282109445,0.011297275243614494
Kleemin,0.11402670498917328,0.008335460189810127,0.044721286106331075,0.003511626853755783,0.038525571296072425,0.012484877324156658
LordBaelish,0.04130233324550117,0.0068291548650889254,0.02748011992659542,0.0032798177463200496,0.023913920046465108,0.00826931175623884
luveroftrees,0.1881142550291693,0.013646600206865457,0.08541996877999179,0.00407094733960749,0.08307953067318026,0.014736157034784163
carporsche,0.1285723135718732,0.010741497582358232,0.05545773228798142,0.0044909896840203785,0.06493688597213047,0.011790523672473284
bandini813,0.04627942295308595,0.004991852106254274,0.021006858670744505,0.00298557172355882,0.023906711780804765,0.007122056525464363
Colorado87,0.11244200199445321,0.010534498412216108,0.04699117977214725,0.003888938836154339,0.05421234747721301,0.011778682665833252
BerateBirthers,0.09144384657537388,0.008360592228923424,0.03604506886276499,0.0034668357344267283,0.033739409916028626,0.01030934602041349
DreadPirate2,0.13984941173015428,0.008126323316776091,0.0425675771390888,0.003682751791726213,0.04018659310815574,0.009816635007116102
lgodsey,0.3751302428748277,0.02135455009559867,0.27788461882220883,0.004880774482223335,0.11292640420148585,0.014875142596436046
Colorado87,0.18760251963050528,0.0060270200441769305,0.09058605424096294,0.003905180890178537,0.0610873230172311,0.009930904402392813
 ,0.09558877460550852,0.008793560310413607,0.03962751137833237,0.003628944476491304,0.04009596470734625,0.010133472404919169
PincheGreen,0.10538922445875064,0.006209303065235756,0.053769960351116836,0.002880500684953018,0.03399734729559222,0.006956370952763382
YouthInRevolt,0.05502163019457123,0.006139533839207282,0.024670129763689787,0.0030596579906465643,0.026247666756432166,0.007531492089939233
JordanLeDoux,0.3232163026351526,0.007829883078417081,0.1341726203286389,0.0034262857991735384,0.07725648553337823,0.010425304372121592
despicable_secret,0.05743048676113079,0.006144038147211362,0.023129131257301084,0.0030733220808593395,0.02327141789692567,0.008362955156430013
JordanLeDoux,0.0508212448694996,0.006426597287216227,0.025391722727285182,0.0031851241799126435,0.02447594410573772,0.008498941321624594
someotherguy4112,0.028139343091795964,0.002724523955468552,0.012683638633058412,0.002383870707747751,0.010815119792286033,0.004669129176941838
mouthbabies,0.06316096058871488,0.007278788772175397,0.037587453178147816,0.0033042311950078227,0.02937605603712166,0.009194782809760152
executex,0.12436597777728224,0.005380848899890715,0.03487805916581427,0.003047253525599037,0.040320290035759335,0.008445789321675034
mattrad2,0.11277056234903081,0.007916933306209368,0.05590367747507298,0.003320692287930383,0.05005301391594784,0.010036581786162915
executex,0.04611904071367986,0.006309890018715753,0.023352551851489652,0.0030707322980287337,0.02460221596061404,0.008098114458522376
SatinHandyWipe,0.3511863425970047,0.011252747818727824,0.1106769964467178,0.0036084303865162107,0.11310149188445592,0.02121135030767101
sspaiva,0.07896811639363294,0.006223143818808818,0.03630326400448745,0.002940923575007479,0.033719608197558024,0.009348675729366847
executex,0.03778737494275389,0.004639331320724726,0.01931840581141982,0.002773953563747063,0.019462670645427442,0.006608144723223011
sspaiva,0.026851993361523965,0.0035537267127587627,0.0164170901141627,0.002501868949177897,0.015116737520475107,0.005204027646257379
executex,0.08531153537294876,0.004195967722731722,0.024192686358450066,0.002673047647071052,0.022939024777177654,0.007186125368131121
sspaiva,0.0756281231336001,0.0034069679396209964,0.02477780739022052,0.002697712149527632,0.02288228856283932,0.006371587803122532
AntiSophist,0.10231962892590878,0.005578559311727432,0.04138413834258354,0.0030742170565348018,0.03348495793761936,0.008119272922946015
executex,0.055553326503994256,0.0042320891282621505,0.023302473769068636,0.0031151333838804105,0.021864546780249742,0.005862513398730717
SatinHandyWipe,0.09011448015616118,0.006469629956705648,0.03569490351338769,0.0035975170649587794,0.03461520612462555,0.007307718866311888
executex,0.07762232105139047,0.007021483546544929,0.03283185302823959,0.0034292962706270976,0.03610759240740179,0.00794957792730156
AntiSophist,0.07932327800031011,0.004840675575127093,0.02974971594635289,0.0031293523294428486,0.030837877789714835,0.007168281305261088
executex,0.14415606103338197,0.007560822612289949,0.06122354108957424,0.003326610011104075,0.05338438362512674,0.009851009379420631
AntiSophist,0.13714691824786698,0.0061619920465273885,0.04367673882536367,0.0036511877193667087,0.04446975854378671,0.009060992638722978
executex,0.10125449265915339,0.005026829760493292,0.03130661231525556,0.0030945752924943157,0.03365873430516512,0.008286015908994509
AntiSophist,0.21090226825562405,0.014957892505743196,0.0879356562472521,0.004311815044758953,0.07829826999579519,0.013385494665917593
sspaiva,0.03549779433212255,0.0032353222422374186,0.016839014847012983,0.0024974963190067655,0.01334161523954772,0.004964828369671554
executex,0.34974606972950134,0.01693817055571596,0.15899167202266495,0.005115136904411614,0.13191968501928766,0.015487277243073302
sspaiva,0.04187255877469152,0.004143901185652498,0.025835021023556438,0.0028832594012875978,0.01768024452822056,0.005478385216102053
executex,0.07152384365554358,0.005143146891587637,0.028432610733199592,0.0032693900434761715,0.030909832152174285,0.007668711383249861
sspaiva,0.03027180856892078,0.003038874268043498,0.016930322035322153,0.0027709366510983244,0.013771353579402311,0.0048906053463052546
serioush,0.10175531691570959,0.007409977817261624,0.05124407064449581,0.0034434111105468047,0.038567905723985205,0.008124519288380058
Ambiwlans,0.07911545628299994,0.0072283191590945635,0.037572465561877634,0.003307080567866195,0.0368979418348456,0.008745201807782979
sspaiva,0.04147265365137358,0.0039005940472587623,0.02099264465785744,0.002585531796343176,0.018109107482510538,0.006179701644080973
Ambiwlans,0.09997343930309448,0.004767302557163585,0.033663149939365,0.00321251244377449,0.028751201473978322,0.0064201664953628486
TexDen,0.07980488676040177,0.008292768654215238,0.035470599216288055,0.0035314212256767285,0.03197980118631324,0.009569935053586033
fosiacat,0.13186138782863957,0.009595434446087688,0.05392033811745862,0.003942277502729301,0.06208578000632331,0.010111121850196888
TimothyEUpham,0.9923930628746837,0.22757877393482226,0.975210649316859,0.00710881387432979,0.9011933041899556,0.06499191471471198
epicwinguy101,0.11752023803250328,0.0076732085019136555,0.044546647451280036,0.003265756042357324,0.049711937989984696,0.011298139207282397
Warlizard,0.12023974100216649,0.010574307338316486,0.04588930395104058,0.003929339100022934,0.04974918749536217,0.011393932988927324
A_Cylon_Raider,0.10897495360794585,0.010147696402271937,0.044238851111075866,0.0036858275126843143,0.04574803062449621,0.011332856361867052
JuggernautClass,0.10044091418395883,0.009190769968703204,0.04412907291629496,0.0038189403824213696,0.0471785329963042,0.010028320399804601
A_Cylon_Raider,0.13246526108870124,0.00987373679422497,0.05122106344413944,0.003945944599289413,0.0551109009917107,0.01033471818786981
barjonah,0.13843346412826718,0.011813146708838389,0.05600676576474451,0.0041094219414555605,0.058711655708488956,0.012439695879759759
A_Cylon_Raider,0.0772041649968773,0.006690756160822652,0.03608566331878991,0.0032473822608965596,0.03314717082649629,0.008163492969971792
barjonah,0.06567060587618957,0.00865243309493134,0.04201011562870581,0.0034211241952867293,0.03808832691014588,0.0091701496280006
 ,0.10968755771410599,0.009103604240447179,0.034515566668080665,0.0037483346876150607,0.037578302975771985,0.010864253171832657
JuggernautClass,0.33018546373067653,0.013197691186802958,0.06460084779228903,0.004478904738141553,0.08409813386778224,0.017149312626232545
Ijohnnymac,0.1414932893874013,0.012242314899135296,0.058081427245222486,0.003958931437782549,0.06350637418938317,0.012694825972157287
 ,0.167183567681659,0.009352535741878078,0.06832275165946167,0.004212695674128135,0.06922579488762386,0.012781953455546616
BerateBirthers,0.12169534467737474,0.010062989623037099,0.046521908553227305,0.0038111881149080207,0.04787901683107248,0.011113824315968534
aliengoods1,0.10613874376831138,0.010382319500904597,0.04793296152593189,0.0037991089826126543,0.04818715627844551,0.00970502617170529
despicable_secret,0.06048760225909557,0.007094676994231481,0.03309417992695285,0.003150398552316813,0.02681173034833905,0.007824967711141457
kennyswag,0.05762237443694015,0.006857247002407089,0.028122332283035126,0.0030808681293956076,0.025580677366379895,0.007807278756985745
Stackman32,0.15107353543506058,0.005144914235874417,0.04238465371131797,0.003286335665773881,0.04611371789092349,0.009258315620506935
dilonious,0.06759839245040417,0.0080418771726644,0.03307470452106892,0.0033085841453659648,0.03444109627121622,0.00895924853133827
poxcasterII,0.0738312616404279,0.006744815359503937,0.0363572203786057,0.0032708650103589884,0.03513775302141051,0.00809524003035872
EasyTac,0.3198806764117302,0.01309691318345569,0.166162177285291,0.004140171125425859,0.08686260394091018,0.01255891583452028
Afrodaddy,0.13661958019088,0.006620129092713021,0.04780001037815558,0.0030127092569653654,0.047524453668797845,0.009698801850093034
Kharos,0.0769227716531538,0.005449890760894256,0.03246520383729883,0.0028705564275700477,0.03124208913415891,0.007536235684446151
speneli,0.06754898519339606,0.00679322963060504,0.03496311164208942,0.003178319519407446,0.028847253213227668,0.008599198007422369
Mr_Pricklepants,0.0777119758128681,0.0075503626332106485,0.03397912362602568,0.0033413847290040153,0.03246834148611404,0.0092048548160425
someotherguy4112,0.041140613318737175,0.004158345518250991,0.018133594665259538,0.0026620753989374736,0.01692287754421611,0.006143336954248878
FireReadyAim,0.2956367816846636,0.026191357250953805,0.23932499693019854,0.00528074038486362,0.14471456367967928,0.01601773412536022
crimsonnate,0.04653923502446106,0.006472289557939597,0.024538005081826166,0.0028541284637702224,0.023782161249293842,0.007928651509163238
 ,0.3301905521479481,0.011488158779032046,0.17217184745714914,0.003866014465021308,0.07047736670072047,0.011043282082793779
armacitis,0.09500020284635437,0.007923773679152106,0.036353251449321236,0.00326609245823721,0.03636041441915528,0.009635942580923134
epicwinguy101,0.08602397527301449,0.0075447721297011395,0.03604404394916651,0.0040264585278804695,0.03123909875641815,0.007852591344160838
cedurr,0.07402645669430317,0.007720954914436034,0.03269367689018835,0.0032508939013856193,0.0295096290254617,0.009048126066548671
illevator,0.7781495315574832,0.049618533840749816,0.6960614508498625,0.005974551615887248,0.3608031095956705,0.02171250940511461
lowrads,0.05422517156414221,0.004739741829873209,0.027359536836122546,0.0035378130539926284,0.021861337709444987,0.006228142762782446
rubberstuntbaby,0.0558944447884332,0.007987863838508778,0.030823653553723913,0.00348307575329513,0.0297654370537512,0.009531648195355723
 ,0.06712805568930828,0.006910680475272213,0.03394785916820943,0.003199560196908756,0.030358389489794545,0.00814399338027545
xena_derpina,0.3637180077557333,0.027137891686141644,0.28464022084409263,0.005485132316598476,0.16639660433264375,0.01933012257473602
aliengoods1,0.11023115384036589,0.007091661690477376,0.039178989642985086,0.0031165585190986453,0.049889346962169366,0.008357063457046565
illevator,0.10667322945393619,0.008033884763080932,0.04107967564197929,0.003950273706553139,0.046719681569650555,0.008674890023948462
armacitis,0.06478224618633599,0.0063337125270239375,0.02894166278383232,0.0033683497052403037,0.027025443947949947,0.007110195309813559
illevator,0.2036323811471123,0.009615926732342255,0.07129531097586529,0.004459179533582534,0.05659434353866355,0.010289233214711051
armacitis,0.10030939980790413,0.008181338748721333,0.052518200847547804,0.0035249871098971095,0.03605938097237692,0.00849730356863025
TexDen,0.06673230859963886,0.008179012261821146,0.032429905142944984,0.0033484962268603836,0.03249726115087821,0.008658532968544281
illevator,0.09082044533377026,0.008242151696253896,0.035151842278402186,0.0034143801051115274,0.041045836029684625,0.00938654068336024
TexDen,0.07000640432094905,0.0073091553529083175,0.028848555831147784,0.0031678371112666363,0.03127008161299238,0.008394103087433878
illevator,0.05889916475047828,0.0074606407579148265,0.034128659725503274,0.0031767559397191097,0.030906499640849426,0.007990449729290451
postal_blowfish,0.07029952104080046,0.005344751483481104,0.03533041690285631,0.0028225101810471017,0.028922801756264938,0.007302687948559965
 ,0.07016373868386876,0.0072745801895577,0.036172965701615066,0.0030331203511232063,0.03583562833095586,0.008470408533894807
master_twopipes,0.04953957857827788,0.008610796718816725,0.025868928143536106,0.003314555228504995,0.026652257205635493,0.008879179115994036
 ,0.10610820274515356,0.009335462114849388,0.0408180138322499,0.0035147380217468564,0.038233703944752555,0.009967899064795163
ShawnGH,0.05299019618231475,0.0045981561758020725,0.02374775741766768,0.002768772119974963,0.023939040845171084,0.007818028442204583
andrewk311,0.5197393928133127,0.014713761510381897,0.11834422991598968,0.0041160359736833515,0.324392755922529,0.018495614803369316
DeadlyVu,0.24337518616279666,0.01675754983741939,0.17431325830540037,0.0037764719384654733,0.09289780574710912,0.011773152200430818
 ,0.6098681272277914,0.012868528465415034,0.30448684841289003,0.004137098225960536,0.17346742807586887,0.01639583590282805
dakunism,0.10449498090015251,0.009379501613098359,0.04566850734154712,0.0037730865016733666,0.04415995222369343,0.010946887888637803
setyourarmsdown,0.05809949729082379,0.005563176553247444,0.02502375405988675,0.003191784980407934,0.02406810841918808,0.008344071286560636
Sanguisugent,0.1324031043518116,0.009823228886415066,0.0768555615530748,0.003773282746543541,0.05414528857468735,0.010986525175663293
mcstankin,0.12861069610513495,0.007797407994981394,0.044825524429170656,0.0034240027645306742,0.042321236789323466,0.0097771735939847
executex,0.06190908142023952,0.004816670540083965,0.02319989973248257,0.0031014790040153027,0.024242288545883256,0.007543910939414483
 ,0.09495782516705176,0.009396694456048299,0.039236792858294546,0.003643913105976564,0.04498475372231675,0.008963350661866813
executex,0.14919189314224618,0.007706295560243414,0.046583672269896244,0.003359001961551201,0.05790290823842276,0.010265006979667734
 ,0.09495782516705176,0.009396694456048299,0.039236792858294546,0.003643913105976564,0.04498475372231675,0.008963350661866813
executex,0.07549016772856859,0.004797630907634364,0.036569426508396806,0.0029897461512561696,0.030812892397905363,0.006820202385100276
 ,0.09495782516705176,0.009396694456048299,0.039236792858294546,0.003643913105976564,0.04498475372231675,0.008963350661866813
executex,0.08489500264565938,0.005321801378933169,0.03077220386985179,0.003467872171087942,0.033324586058837986,0.00689446494527011
 ,0.09495782516705176,0.009396694456048299,0.039236792858294546,0.003643913105976564,0.04498475372231675,0.008963350661866813
executex,0.05079498361426199,0.004004663298305853,0.021990631465756912,0.0027884070107705547,0.020123286853243563,0.006060877174495826
 ,0.06352077806240834,0.005414095617560475,0.02917408838061987,0.0031584501801357407,0.02727576296854608,0.00749978498073243
TexDen,0.15683924791088358,0.007843587128073454,0.04067250434682449,0.0033013727443771345,0.05202941186200451,0.010580416283355109
losjoooo,0.09207008550413537,0.004788968015611094,0.040421826202789245,0.0026100555779643305,0.0311018330703335,0.007502524844600973
ambiencenever,0.057238928423600455,0.006094185094251946,0.030362069490887458,0.0028117948912609963,0.024358404363717463,0.006670144952579754
Mr_Pricklepants,0.11241293678545498,0.008684747268683573,0.038735107757457345,0.0038047571872771714,0.046306958630354646,0.011251848014852694
 ,0.0662511566333761,0.007172859861729889,0.03085971320763174,0.0033160205560325007,0.03295439086093726,0.00868359604631536
 ,0.025897772212757558,0.003312830770135469,0.014535512414542196,0.002510642175250595,0.012804965539079432,0.0050506701209334925
 ,0.024395402625182788,0.0035013140792728202,0.014438801856643379,0.0024109630746220853,0.012912937246026577,0.005058651941046549
Theotropho,0.12283732472442141,0.008199880025428345,0.041418107684936104,0.004464044466133969,0.050703024313324456,0.008734295566503509
ribbitman,0.06340770154102772,0.004502678653145109,0.026720892408983034,0.0028795727596271025,0.02366322763636871,0.006649434320810625
 ,0.011279519184995932,0.0023734918391703627,0.009162442767129908,0.002245410320275778,0.007037353103283155,0.003889879876038394
doodlebro,0.12055523498940042,0.006471524263564264,0.04526530188842095,0.0035968824556693335,0.04638293863130771,0.007711547985050079
rubberstuntbaby,0.07569201153846916,0.007647052501053793,0.036348715312361,0.0035704236703770664,0.03332922368610956,0.008893207150607435
doodlebro,0.07432346619713122,0.005676743661180803,0.028977603186152397,0.003241537471233683,0.027541768628540252,0.007376154797450193
 ,0.040282554261023694,0.005055966711232933,0.01956785283018819,0.0030015760754923838,0.018996912441104317,0.0067035796822688095
 ,0.102726043009472,0.007656388719670868,0.04337439275363803,0.003629625990060725,0.035656682167736244,0.008415128247645103
 ,0.040777500615012355,0.005215337621975577,0.02308030430127439,0.003102533760210385,0.021438489258613,0.00699617385824785
doodlebro,0.07036477558647354,0.0070320323348825094,0.02925138123459964,0.003576524152181026,0.033408641287427286,0.008850304854781459
 ,0.039809272626213456,0.00493654264235186,0.021193641255636053,0.0031636354578048922,0.01915767461247965,0.006066721297000787
doodlebro,0.15581615240678134,0.011963296524442269,0.09339086160147983,0.0037802182133180166,0.061062041046362994,0.010463637548687845
 ,0.0751788356060532,0.005290804558036106,0.027855537760300603,0.0029881563560611606,0.030482404386678322,0.007015339059192882
doodlebro,0.42077225668878254,0.018158913916876983,0.24661969970526534,0.005436455260518908,0.14756721752033197,0.0169444360352731
 ,0.056178173030987384,0.005534469593885339,0.025645384832975876,0.0030223528097915713,0.02662008484159909,0.006904222110558433
doodlebro,0.04914444430118272,0.005147736448096356,0.023011961619343782,0.0029302595771310866,0.02375701386855709,0.006553215130003835
 ,0.0334620528065167,0.004218166501612009,0.01798645322795506,0.002659587325133051,0.016224393321114788,0.0060153173178032066
doodlebro,0.09229176559227865,0.009961342105714114,0.0593059323317883,0.0035959734323058224,0.03981328867818751,0.00907570934725034
 ,0.09031305640729483,0.006694957161452868,0.03296952804322005,0.003420285020093411,0.03632089092643822,0.007970134959981867
doodlebro,0.2336494863574027,0.013883167039029686,0.1239368211433774,0.0043426064105105714,0.07707292054901875,0.011673101716573642
 ,0.07196093683938723,0.004837835163310308,0.0234028473830583,0.0028570346513636887,0.02399749969053841,0.007035140399848353
doodlebro,0.06989310455513001,0.006593518538743123,0.03535760709088093,0.0033317364661721565,0.030966051375037607,0.0073148817299781895
 ,0.04042473115880182,0.005124127363782417,0.020267188383311013,0.0029770927701036724,0.02006898197648865,0.0066567365281844735
doodlebro,0.49667601132498285,0.017390418901197486,0.2964249338532013,0.004706102057170676,0.2016995941178893,0.01623469676829408
 ,0.6007037686353511,0.020360913295803466,0.27805147812247133,0.0043071011490196315,0.22545225159878723,0.01696212607626936
doodlebro,0.4068265750833539,0.012825046541251172,0.16685321130249353,0.003752494664810964,0.11570996586281869,0.01347199871989394
 ,0.03086324920564355,0.004543303632709389,0.016801052883022694,0.0028429920258817853,0.014831073749559921,0.005950903491106864
doodlebro,0.13537782096690926,0.008612853744131708,0.049550021409972125,0.00354654104544344,0.06499873166543552,0.009696497741356625
 ,0.041744119110689815,0.005836231194334049,0.024249006171069135,0.003111660182019688,0.023385110100745083,0.0069962325240782745
 ,0.01243070350513124,0.002849215389739507,0.01020510566185319,0.0022795701245770313,0.007861785166121448,0.004233850670314506
 ,0.02053936418398202,0.002881626415090817,0.01281172446491738,0.002457649160361311,0.010916327992844588,0.0044251420512073335
 ,0.024674189315450953,0.003035762551802661,0.013487462268057058,0.002497588729724551,0.011268756012626295,0.004864131722794139
 ,0.01939307030854247,0.00315082413870365,0.012141900485579872,0.0024346009805747194,0.010388531718910328,0.004839643925024693
 ,0.030407329049409293,0.0033582722159890906,0.017436003456443958,0.002291816790684765,0.014014760678227201,0.005045862073647497
 ,0.027225230864747287,0.004359452863438252,0.016658557911078384,0.0026155693626310297,0.014637454841014547,0.006353610771418297
underweargnome04,0.038016917803764164,0.005371606039199085,0.02327094533861194,0.002905389470750096,0.018730919284519153,0.006828582723569868
 ,0.06820782565361985,0.006644031895337413,0.027079891638504154,0.0032834719408882922,0.03269055734575675,0.008420546003599247
underweargnome04,0.22398184507188093,0.007328592032418638,0.06413379659900943,0.0036747412783867295,0.06071715450900561,0.009571902569371016
 ,0.08580903877951819,0.006616122251316015,0.03741938896241615,0.00310902674951326,0.045871448546771276,0.007628379089872449
underweargnome04,0.13506486368013904,0.009154035202994827,0.050567541488212416,0.0038669294245862783,0.05740985014381195,0.010527831231976158
 ,0.04599470180539401,0.006365246135880666,0.02466434828770786,0.003133620002566736,0.023734144905169535,0.007735997186912076
underweargnome04,0.06820054772337895,0.006483318658865521,0.03390465012668217,0.003524582631323674,0.02965409432504824,0.00853905574370643
 ,0.05161378910034233,0.005821274325381406,0.023473878587712514,0.003042590805409426,0.021913285220078987,0.007452405408333686
 ,0.017803643442321927,0.0028603391016406117,0.010995867368939437,0.002269958605570413,0.009277443786856472,0.004505882850986809
 ,0.02773863463874933,0.0034447834695935,0.016693393731781015,0.0025076993864397126,0.013540345264540036,0.005182970995794827
Malkav1379,0.042648478396483745,0.004465958711301501,0.02645363283157984,0.0028401921150395504,0.020330785092090357,0.006707848878697961
 ,0.048706022842307524,0.00567072704468581,0.02566053462634936,0.0031035420146063976,0.02217497835532018,0.006745244730215403
 ,0.019974451519738083,0.0029271919377409548,0.01332632581506546,0.002222283633990752,0.01055289208631759,0.004582183240145435
 ,0.12421336332438461,0.006126317317777795,0.03702139942131541,0.0032412697724324498,0.04215386612658571,0.008381048899213211
 ,0.05440346963047497,0.0058072587046449605,0.028930845531716105,0.003015793591712449,0.02688563435864018,0.007239993688945133
 ,0.07215676182924928,0.007374331112876093,0.03283277523380222,0.0034455594503217087,0.03356489188777265,0.009294181312649613
 ,0.11089670135547612,0.007422259781188726,0.03716558768454616,0.003438838300102661,0.04395775403283911,0.00854941546448229
 ,0.050429564930941466,0.006244756960028902,0.02406046203496641,0.003401358460268655,0.02373343821736726,0.0075705970225715714
 ,0.2304566960617422,0.013254869222642962,0.09913498823011042,0.003942636342796303,0.07775841857155866,0.011761373517304158
 ,0.21147766622682163,0.010774996579690166,0.0946709231614663,0.004070732087414593,0.06607882519616115,0.010789368267017863
 ,0.10853253352746638,0.007832696789674501,0.047293243838191334,0.003505465299558119,0.04658105649869472,0.008711203566217775
 ,0.15592604955353323,0.007462920878694993,0.0544202975019543,0.003897973008586046,0.04620531768933885,0.008618317400596345
DrakenKor,0.16335515887005853,0.010928263962699039,0.06339715296333469,0.0042060023828779354,0.06688834023259696,0.012742352761958514
cedurr,0.7005293768974773,0.061028869846489156,0.6153924403749308,0.0061725484688392295,0.24616500215911696,0.024078663205610456
DrakenKor,0.07486175115072634,0.00669960892273295,0.03194761853552125,0.003285958365770043,0.028848125023376126,0.008038741877633938
cedurr,0.19950757062485608,0.012335747287832573,0.07360403968224864,0.004289513623027647,0.07479470925984612,0.013240584445295784
setyourarmsdown,0.058904666994565515,0.006309360538704235,0.030239960509317015,0.0034098266385743214,0.030699872567668055,0.008922050884142952
nicitiesnotmything,0.10351740257605663,0.009406400223543035,0.04353988998002672,0.0036190492594666114,0.04471601817530402,0.00997402249798781
 ,0.06025829568547071,0.008280881905522758,0.029148901404479483,0.0033982848665333027,0.03055990321248648,0.009049338660148636
doodlebro,0.9105665514016992,0.09287523216593695,0.8428454237832976,0.009631229293797334,0.5996071330657763,0.03542441040855691
Oryx,0.18991121523987445,0.009796975931722534,0.09996262927712181,0.003653113240369945,0.04951534771965212,0.010232104884841333
 ,0.12080838263634368,0.006589604622442334,0.04405156096262442,0.0036047231035226716,0.034187554856352,0.007783049749700972
 ,0.09495782516705176,0.009396694456048299,0.039236792858294546,0.003643913105976564,0.04498475372231675,0.008963350661866813
Inebriator,0.18043372924603004,0.009405463266851813,0.07190728141624736,0.0038056859304889208,0.07548684164379363,0.01059181651070477
BinaryNinja,0.21932157474860262,0.0165713044887644,0.13777753476590038,0.00413013465266656,0.08735671324530042,0.01399663175232824
Murse85,0.11271172310140708,0.009524351798138653,0.04278447740777596,0.0035932073638652697,0.04744185594788694,0.010386243443757742
Atheist101,0.10414811436018989,0.007310377467501557,0.039501776496264816,0.003733537950507037,0.042918148997318654,0.009989058967693882
 ,0.04387217429041711,0.00560618823294898,0.024306736735914405,0.0030580022475443537,0.022236635656609414,0.007402884159062712
shamrockhoax,0.12947583278753927,0.010523914528801007,0.05010357891327996,0.004022663166040319,0.0602603776263364,0.010732928834545597
 ,0.04932630558709724,0.006102541381265459,0.024292424617247926,0.0030999422944712886,0.021535983700805218,0.007725766521782001
underweargnome04,0.05635632086549743,0.007125820290118153,0.02905324752209071,0.0033926712279736355,0.025910644037601762,0.008165810554707229
Atheist101,0.043307847113014525,0.004969161060577268,0.021561017535711515,0.0031647782397723066,0.019768025894829254,0.00665099549010505
Breakyerself,0.08152908482107285,0.008432186297001326,0.037687823960243685,0.0036086962289879434,0.04000298320527323,0.009593437595370227
 ,0.09251287865607001,0.00832355139738287,0.044284893520131575,0.003378540887474478,0.036710204430077525,0.010012453509261561
Breakyerself,0.11549375255476572,0.008763528407458789,0.052654964233672386,0.0034500608115765694,0.05723189784768054,0.010260562068652852
MintClassic,0.3952553498871113,0.02242017530686318,0.279435273128147,0.005076756543245892,0.17252265337658187,0.014546512911540155
Breakyerself,0.29940253109861514,0.024748380723982603,0.24120573017403837,0.005791676720652547,0.12676827039008975,0.015037309528883925
sorrydaijin,0.10735032780148915,0.00944426463248496,0.041263793236432325,0.0038431811019258508,0.04242291245081687,0.010970147538109473
Breakyerself,0.27335773491121407,0.016411535963723106,0.15460502055003897,0.005053458010060759,0.10389146230408768,0.012802055777690642
clkou,0.10695976494783896,0.005724814469019302,0.042478144209388675,0.0033574912823005234,0.040280260932402834,0.008516392045065128
 ,0.055411454952430314,0.00521243942012709,0.026306090357842277,0.0034015940283306854,0.0252865238324273,0.007439531992938191
Thegrizzlybearzombie,0.17456513970951473,0.009272862027983211,0.04960775165599155,0.0036943984541950104,0.05775672638286835,0.011814321291435682
 ,0.19119766614611786,0.011905993728605043,0.06707556291004795,0.003992748568815897,0.09013327758625092,0.01270134743291884
 ,0.05285676023941015,0.0046930836478343806,0.02351745985620649,0.0030103500972271527,0.026017815559893524,0.006335579970764681
capnjack78,0.07987957447724867,0.005847207271768769,0.03450517498551496,0.00342000884229046,0.03282891960529086,0.008440810229746855
Old1e,0.2173554703115373,0.021001527049880286,0.18216640002798873,0.004185597581999121,0.07351843027996151,0.012843824661990145
moosemoomintoog,0.7363714011450061,0.0784535029763059,0.680781564613288,0.009058597115244371,0.4199625115903831,0.03245693041914842
GiveMeBackMyPants,0.11313959845022702,0.010612824469375387,0.06759281385625501,0.003816646563809898,0.04110896111955134,0.010007272688064197
fakeassposer,0.6799335749628276,0.05001699113560423,0.5935446614078626,0.006306975477709353,0.26257025482629787,0.026037396946238058
 ,0.064752109919797,0.007271183413787052,0.030149668013174924,0.00320179734836232,0.026228801397823503,0.008446548975623894
SirWhy,0.40611682056035925,0.01753282182188471,0.21122604637176903,0.00438693738473955,0.16029542398541927,0.01907745549108526
armacitis,0.2631652137926024,0.015950639810511716,0.15112507597919186,0.0041474904244699325,0.1154235939483889,0.014505174963397245
SirWhy,0.2932637299057177,0.015427253914640506,0.15983262289698058,0.003908979456767382,0.09356815023238241,0.013561509241770983
Afrodaddy,0.07488969557933903,0.00695211743473644,0.03242527030696906,0.0034924232430008865,0.03808721598419332,0.008514311680525457
SirWhy,0.1578386424546846,0.010784552000652571,0.11057126899457685,0.0035887110231044303,0.0650944348102086,0.01108489606496388
Afrodaddy,0.10216985136931123,0.005003763412223752,0.05407266534708447,0.0029556897299317085,0.04295331283051041,0.008888196731261596
Afrodaddy,0.14125426678136177,0.008523261095645641,0.07045944865781165,0.0034258824177202185,0.0473687504910568,0.011273181649720422
SirWhy,0.05419745184649925,0.006723290342630982,0.029937095385198422,0.0031049798083687395,0.02819916701365483,0.007973552298470606
Afrodaddy,0.09746060562455282,0.008841079586084983,0.04221775726270818,0.0033465159307011164,0.043970171802906945,0.011502178205932613
mrkhan0127,0.09663897341946068,0.00809539753718185,0.04185891988132346,0.0032509830988879935,0.03718275305224935,0.01001474443194156
SubhumanTrash,0.2681639184476874,0.01143700214925346,0.12171278522056174,0.004693556281937728,0.13556627187247872,0.011351526820812282
SirWhy,0.4827307632406661,0.016218345990375044,0.2875670065526755,0.004496113553443565,0.1584316805560049,0.016735163705873326
 ,0.15938721674034076,0.009445491093029992,0.06752769658913257,0.003730559933782973,0.047857914504463445,0.009261517316672022
luveroftrees,0.18800656170362182,0.012852576968354106,0.08454521451328051,0.004074223369109938,0.08062946439174996,0.01479901966338953
SubhumanTrash,0.14320402092896783,0.0066563371721853025,0.05269152841488781,0.0035627840365960095,0.05395157975255617,0.009726488850262534
SirWhy,0.12036982707821098,0.006679944279546645,0.040545236202973345,0.004312134244903876,0.0432656769040058,0.008992994175014242
SubhumanTrash,0.24123489401952478,0.007691913331239313,0.06746445740795967,0.004234978954981419,0.08508959458068464,0.010177150450410859
DrakenKor,0.110838278608194,0.00996502607291744,0.0490582262561134,0.0035055407145705556,0.0571902433450658,0.016185894815323485
h0ncho,0.7550057236143103,0.047243747466791434,0.5194149543788166,0.005908846547872973,0.28050603707621846,0.024840093087592774
SirWhy,0.07955336521378939,0.009151505418562318,0.03732014094081299,0.003636003165794664,0.03782332490610707,0.011083786734365077
 ,0.26092574267745816,0.012784542282671132,0.13037060090801653,0.0035635143149725496,0.1079978630280305,0.011921935308587485
sspaiva,0.06957452396758027,0.009083568990609468,0.04085482831990482,0.003788436449910178,0.032256076978515305,0.009388564193110144
mttwldngr,0.13141507405108777,0.009101535009856283,0.06724746401651528,0.003907096701293664,0.06647046653254016,0.013979782199115899
airbornemaniac,0.05467963313431275,0.0052548516949302475,0.02431176913884739,0.0029416722031651655,0.02089488071994409,0.007564167918677707
Coredrill,0.12023974100216649,0.010574307338316486,0.04588930395104058,0.003929339100022934,0.04974918749536217,0.011393932988927324
 ,0.11009868326351352,0.01054537791212973,0.046713027104725836,0.0038103512397238354,0.04891870896136927,0.011254315661796063
 ,0.24079419317129322,0.011632144640935671,0.11294824714101354,0.0036556799069443575,0.0761053696499456,0.011424991306814368
oconnellc,0.11398890508431275,0.008644483074543753,0.044654342454595916,0.003553512136224012,0.05189496276435864,0.010579779152912161
rubberstuntbaby,0.13703875064939167,0.00972125926828553,0.05772886125692658,0.0039780693163493745,0.060083651970747984,0.01013440356711666
TrueBlue0276,0.09288501975433713,0.008408170440416382,0.038849078502115005,0.003776746846919138,0.03850116072873342,0.009767539359757242
funkutoo,0.06789563751103554,0.00805439685047263,0.03487159252974906,0.0034770066060616496,0.03665170007381211,0.009271735006845309
ElCidVargas,0.14425974601829628,0.0090686295840136,0.054798677440044935,0.005181323891926486,0.04924972297070343,0.011340757561075825
 ,0.09495782516705176,0.009396694456048299,0.039236792858294546,0.003643913105976564,0.04498475372231675,0.008963350661866813
theyoyojo,0.18342901188999175,0.011525338892192493,0.07201510072046233,0.003475123170569914,0.07735514427774141,0.015823157527796092
epicwinguy101,0.04268200698476833,0.005528012692032672,0.024440905896601205,0.002826521151231519,0.02087569622403529,0.006898612755527813
 ,0.09811072041330368,0.007171611403724939,0.05022863353806998,0.0034660288331996307,0.04406473967639551,0.010491719532332959
wurtis16,0.11391039533616383,0.008789664637100977,0.05052243012009645,0.0035218625845282584,0.04868832481016602,0.010325722647779003
623463426362,0.24851978041332756,0.014095538992159925,0.08188036469268527,0.004835286416512881,0.10164490304808375,0.013577725682803425
wurtis16,0.09054956334458956,0.010007800550151344,0.04237560557575675,0.003604299662396566,0.04317814030440461,0.009939722618852112
futur1,0.40434613152250515,0.0158959573485975,0.1712609223364928,0.004818084320108649,0.13079354259080908,0.013374208730811262
glutenfree123,0.058107355087908936,0.00497495739870997,0.029650099164266107,0.0027729419275508435,0.02595597916006359,0.008984161712034307
blackjackjester,0.04617750149290555,0.005203711797275015,0.02300637021354949,0.002854225695293347,0.021503672587190898,0.007532521353314313
existentialcwby,0.08016237383030939,0.00800049407104774,0.032304034379112126,0.0037321909342050326,0.036013515536417136,0.008312780404973288
KMoneyThunder,0.2226670274377313,0.009126157175509434,0.07365000470168709,0.003498393405221342,0.08285645423576539,0.012574864611415121
gentlemandinosaur,0.1363893173920935,0.006537493757341534,0.057410838680506865,0.004191631361222919,0.043204846107082626,0.00985615192000206
 ,0.537533816371695,0.03484489752067879,0.30452281531950437,0.005308682713391473,0.24062139072297078,0.022457259357476597
Abe_Vigoda,0.12671530751795554,0.006186387013803187,0.05732423885732476,0.0031258989109825925,0.03902125153010244,0.008578844684221642
 ,0.0912531074828519,0.007465480686948525,0.0410680611007719,0.003406633595958866,0.038537507701189445,0.010492640568152897
Tiger337,0.09325909989067223,0.006426454648688404,0.04093186872498086,0.003233537347102638,0.03287082194386668,0.0084731937192181
FieldMarshall316,0.2796671117623567,0.011443500369646425,0.08662783414734669,0.005077671875554158,0.09121391552369534,0.011913429124112704
SandmantheMofo,0.10876691621788745,0.007078061045266825,0.041523175414334416,0.0034429430248031313,0.042154688166978926,0.010292378759753588
WurzelGummidge,0.07599363093592604,0.007254096197286684,0.035095020920172845,0.0033104936202568848,0.0342905067418568,0.008966035267666176
 ,0.04557720927166185,0.005652348862264373,0.023706849258518563,0.002859481019910944,0.019190920390576384,0.0065954548516146405
Rumple_Manskin,0.08805174769971912,0.00907994119672527,0.039028263875305426,0.0035296936424428467,0.04106715194334062,0.009744303806195958
 ,0.07353424458190047,0.008190146450306534,0.03959165610091945,0.003378934468712634,0.03816440561272935,0.011715916918410983
rcchomework,0.07282410533506435,0.006057949435470565,0.030810469120921134,0.0030030413438821182,0.02400285381027268,0.0072819532285698894
executex,0.09517542329651885,0.006309569171309659,0.038562066085921866,0.0032098825637387543,0.03214126389974324,0.009849712105346827
uberbob79,0.10749149702066382,0.009126977335207873,0.040123748195705945,0.004041787940711287,0.040604586929345994,0.009955090385663263
stewbeef,0.03323592119125694,0.004098456521389178,0.018574516743357746,0.0025487553952308808,0.016868884448244737,0.005817589842785682
Stoy,0.43736122961995066,0.03444602736455037,0.3566880330412957,0.005000136089065865,0.17454593518916653,0.024806905638339587
 ,0.16610186748138614,0.010195949660183739,0.0999323942530894,0.0033207744125431276,0.06162711965481217,0.008274232191761205
AzzyIzzy,0.059768839030711014,0.0054891363579618845,0.028284213401304898,0.003256972135494877,0.02933082284132036,0.00733987962117503
ZzCARLOSzZ,0.13797421682470024,0.006170022154803881,0.04178771694147072,0.0031906755974703987,0.03993537617761543,0.008604804182568935
Kharos,0.10648878656156265,0.008831125002142136,0.05025616904243679,0.0034281660692231084,0.04251287005451863,0.009184873672596617
Pimptech,0.07657514345242768,0.005929014369737189,0.029829371642740014,0.003136581150989639,0.027236274057296,0.008110183245598774
ZzCARLOSzZ,0.031328296037519354,0.003856909606686082,0.013814182227026876,0.0025801822341874796,0.012991390686260783,0.005883414228107931
Pimptech,0.1453993579461626,0.006985736023355943,0.0464386730993294,0.0030131157881852512,0.058262611360139514,0.01065433602325751
ZzCARLOSzZ,0.08045671879826968,0.007335864102615318,0.03400484014487819,0.0033201842221385596,0.03303923067912317,0.009834469252746345
 ,0.0913531989928701,0.007167695478138723,0.03524959965412604,0.0034765351302910395,0.04008216949883586,0.00961279099266294
Fizjig,0.2709701973990969,0.007175847127413777,0.0940132891256523,0.0033383938300320134,0.07242421766054342,0.00922022866012304
TheClayroo,0.17481612198875554,0.010295120695309601,0.06378421804782905,0.003799179453995852,0.06752258608641903,0.010607741163662133
Raiancap,0.07292407217412436,0.0067484080449318135,0.031154274959620094,0.0031436687900567137,0.028926001457326312,0.007951210857695566
TheClayroo,0.06766392730023775,0.008946574144872127,0.03926629374002856,0.003629980260422178,0.0369125186808002,0.009758364393955317
Raiancap,0.037444701908535084,0.004842130981520251,0.02015561492956656,0.002687997728203418,0.01617673106893694,0.005828366891360536
TheClayroo,0.07398832323651959,0.0066615888506366865,0.029275195388179638,0.002880982431969054,0.029196881630028405,0.008301654098062041
 ,0.03505223820202794,0.005249175295925749,0.02086087109502344,0.0029604055394467942,0.018926784177518474,0.007258944656197849
 ,0.19685975933562996,0.01050013059005181,0.11082354775530051,0.0036965349618145824,0.06419610624238795,0.010476436073815206
Leonard_Laney,0.7931693869156966,0.03195870182721168,0.6224649380158005,0.00607876424217878,0.3621775668505349,0.022626673529938333
ubermonkeyprime,0.07206266999896443,0.00531766255383644,0.029019890329393356,0.0031685311390888516,0.02933490571626061,0.011178834718292386
B12Mega,0.07668862108747856,0.0058118547337466945,0.031161487661816978,0.0029440124273007215,0.03238834082143848,0.008439567313456915
setyourarmsdown,0.0634345129342458,0.008416686751262326,0.03232099958755006,0.0034086550503497136,0.03359387627667408,0.009177861202315016
CallsYouSweetie,0.0644255533429726,0.004803045431280883,0.024108891491983038,0.002982974468158996,0.026018427199545148,0.007118750261182724
Kharos,0.06625594526720362,0.00717278158941992,0.0342888181913706,0.003281410781084675,0.03120167240665074,0.007983878904685819
CallsYouSweetie,0.0987223951541545,0.006524077924141153,0.03613327405165562,0.0035887428302254546,0.03730860479725556,0.008719673299319162
lowrads,0.06244510831376554,0.0056411499382484995,0.02943312194296545,0.002905673640769518,0.025564090501470453,0.00756089453666674
Malkav1379,0.05923051674921534,0.005298439283561767,0.03481223364093688,0.003007986218235415,0.025436049250713466,0.007368705044811765
Willravel,0.11604642296405848,0.007492273354267946,0.0446634678979188,0.005165514319597729,0.04190732956202873,0.010143483878477154
Thegrizzlybearzombie,0.10952277039891142,0.008930310409068064,0.042728308842733584,0.0037205136107349218,0.04503949781130221,0.009766822578575935
slimmey,0.07396778890872499,0.008065716211688098,0.041313169714172024,0.0033837964190006568,0.03201107031132671,0.008895787659326384
CoolStoryBro25,0.0698431200747614,0.008339048822700298,0.03970498686547377,0.003339462277795042,0.031761338230973844,0.01112028221611377
CerealJello,0.05458869924605287,0.005377193902403908,0.026657976226946503,0.002893826598188759,0.023538115733403784,0.007113923299099362
GoNavy_09,0.21978771123813795,0.007143602136980779,0.06069153391313166,0.003898641020084615,0.07687424155051921,0.0130829675977062
dreadredheadzedsdead,0.04970464614615563,0.005551497478217292,0.02792772310238834,0.0030581743495066913,0.02177360634765697,0.007131690268471892
EricTehRed,0.09002720531120108,0.006465378747000227,0.040374674633059396,0.0032775862761809287,0.0330980804049658,0.008834619925276923
iBlock,0.10361488897280659,0.009578712410031321,0.043400291249846276,0.0037103337338294023,0.04720135717617403,0.01168490648165534
neuronjam,0.04138123091303905,0.004847999938559549,0.02256168285370556,0.0028344718092357044,0.021400007869584604,0.0069781991796005055
 ,0.12734805659753634,0.009899806817396663,0.05421389663105303,0.0039193801597653816,0.05632906702316433,0.011182834719561649
 ,0.5101748820603069,0.028559511830277797,0.3366873162478853,0.0051444046954258185,0.15242245293797083,0.01627628129706484
 ,0.08511907729871476,0.006959050431818202,0.03976138292250437,0.0037777560540546862,0.035321769809539105,0.00962249507096556
ImMystikz,0.33599018646525247,0.010645879981842394,0.16244888677019378,0.0038677356964345994,0.12161086842442684,0.012014971184746343
LTVOLT,0.08538660155418033,0.007303583863675731,0.03514733279305888,0.003263313104116471,0.034813095579396575,0.008684376494083174
 ,0.12077274727950171,0.00867888503642539,0.06339653966747473,0.0035684988086077192,0.052319588310895254,0.012045537012575247
NorthShoreTaylor,0.08874269300412202,0.009576716393755957,0.041476540287289324,0.003559920095675149,0.045882445330094446,0.01124658378361065
IchorLQ,0.19821956636921864,0.010124596747542337,0.053899913702283045,0.004265689533078347,0.05957248895469132,0.010661223663088042
Frandaman760,0.06422438704120866,0.007532601216910106,0.032239784448062726,0.0038735736144874656,0.03445603060772222,0.008623286236366073
 ,0.17764064070393995,0.00853036026969985,0.07236321264947829,0.0038679675414164364,0.07664242849316846,0.012547761355018288
EricWRN,0.09537124838917801,0.009141912324699084,0.03939800854759913,0.0035363877530668873,0.045220816848413,0.010639282059720093
 ,0.5167835217516906,0.01759652013719843,0.12574360625166014,0.004904012472187349,0.14037663857892071,0.021777097253959328
Tahrnation,0.14297686246856414,0.009725953726950079,0.04760570282010613,0.0036448539490349843,0.05238384092450027,0.01204408210073882
audi_alteram_partem,0.09023524965889464,0.006580051252739259,0.03121019414746847,0.0053904279373650395,0.030404688587246063,0.010117096155318483
abomb999,0.10130043825884463,0.007507141016351694,0.039093835722906665,0.0034317766664169595,0.04240967618377894,0.009526235105742095
 ,0.09170443524156213,0.006316878823891845,0.03702543098403914,0.0031725828963714655,0.037690508785207376,0.009697360405705267
abomb999,0.2882544856980966,0.018787842857044712,0.19261770096906783,0.004850887387990633,0.1185812155287418,0.01486370720142467
 ,0.1307085147836558,0.00860742078795963,0.04485178344240174,0.003714536145813714,0.0490531769641385,0.010393020892267518
abomb999,0.12071223768653096,0.009247061109477359,0.06890107598340907,0.004134428120654515,0.050226719887666686,0.008157786407903695
 ,0.04514322462508559,0.0100228720572976,0.032070964879267375,0.0036910388673899223,0.03417073191166231,0.008387533841243019
steevo37,0.07046330166885317,0.007232040887755045,0.03606077814705246,0.003314482911836834,0.03652782577729749,0.010116296396309007
 ,0.10267861834825016,0.010796289198798856,0.04257296462598654,0.0037382698156338515,0.043168444264794034,0.010315244447959547
CheesewithWhine,0.06167260394189291,0.00598504347214615,0.025764060694031747,0.003123145822347775,0.029463124241171142,0.00880329472295781
djlewt,0.049403335158298665,0.0057958971150510455,0.025374596098924427,0.003498208293885852,0.022760567848068028,0.0072012989887956505
setyourarmsdown,0.07213970020427174,0.00960089001677835,0.037551927283347095,0.0039018235731751475,0.03980935229917287,0.009796269726729364
brilliantNumberOne,0.08007125645585732,0.0051614388760680575,0.03395617863054451,0.002742126562956955,0.021547617124258674,0.007157016714820062
 ,0.09495782516705176,0.009396694456048299,0.039236792858294546,0.003643913105976564,0.04498475372231675,0.008963350661866813
abomb999,0.07442791484449612,0.009034169092385764,0.03551515593187586,0.003984640892795962,0.03916871203037157,0.011054547149126856
 ,0.1165795585246182,0.0068487532070443885,0.03787701961012691,0.0031075138431500933,0.04028230904484775,0.009140414085787786
abomb999,0.5263821970802786,0.044517830057562775,0.44145191682939955,0.006006644589686791,0.19386356076926067,0.021827971752331126
 ,0.10147673527741805,0.01031345725607595,0.052230526550450074,0.0038528338329765406,0.05734727903748422,0.01050125648684564
Signiference,0.1311848794580958,0.005820186204630223,0.0412096882077249,0.0030294594724877173,0.03813162398089417,0.008885725754156436
armacitis,0.13846122946610895,0.007704379824679987,0.04402648379921282,0.003059634771066552,0.05032878186672422,0.010336443105408433
sspaiva,0.0982945851593617,0.00755067958302102,0.03498177607957005,0.003550189471214696,0.048007439956783686,0.009030141701422927
seductivestain,0.09881830971366626,0.006517660046556238,0.03165863774197636,0.0030528747098400107,0.043914751167047905,0.007740024182328895
Joseph_Kohl,0.040104084655601724,0.004870846174267932,0.0212702631554406,0.002961953567896982,0.02135082136832094,0.007232992799174689
nonrate,0.07306869054105446,0.005326968446361104,0.030124385012769882,0.003214754224210117,0.02765338945448409,0.008513878429402766
EasyTac,0.09322400481362428,0.004805634283452816,0.040669352592810015,0.002935175949804584,0.031068485748872398,0.007415203102881501
marquis_vlad,0.13576346529619765,0.009356637420622309,0.04842509618058611,0.004327428402034995,0.058032804033599734,0.010212928395772997
Bluntmasta2pac,0.19066330125658898,0.012222710583919027,0.06035455616918403,0.00511493948231901,0.07623464825997724,0.011042551421232335
imboredsoimdoingthis,0.4342888354158716,0.020051209778370875,0.2625761645435722,0.005126838570158251,0.19098864286069134,0.019409719985776036
Elzam,0.03676139784763425,0.003884048732869486,0.017049478955512683,0.002656315974879498,0.013976635855237077,0.006186127964321038
EddyBernays,0.06759316640302883,0.0062406038007102455,0.034107819728646446,0.003107835846771153,0.03170119003867316,0.009097890157599766
nirad,0.06355955683742527,0.004911830320886384,0.029639968378327296,0.0027765624290249087,0.02628630389711384,0.008042102083425932
Ironguard,0.089774537572129,0.005825394518133149,0.039059381862385216,0.0032645012992326217,0.034533769847389165,0.009693981397864157
kslidz,0.10310265878197132,0.007718129278558054,0.04392577861132891,0.0034550633347578347,0.038911043258396665,0.009819786767697236
giverofnofucks,0.13983593260351612,0.008773671949160998,0.06006526219767141,0.003382903100911391,0.046397530699024817,0.011052943446709061
spiff_mcclure,0.04933283573816367,0.004659643178342673,0.02048196831237871,0.0028202723992720173,0.021731051300187276,0.0071101860218589765
Smelle,0.16673483288997076,0.01335148289154938,0.06831964371436987,0.004842104966252279,0.07091519187014166,0.011846308866118635
SupersunZeratul,0.11393379840487647,0.006485888095681554,0.04714525322301831,0.004531410626303357,0.0407279984479605,0.009484523360174036
custraw,0.060681095669313026,0.005521367033293093,0.028212739785398407,0.003084690465313477,0.022779013125025224,0.0077467884548237794
 ,0.1090329372458749,0.006969314378565199,0.04119698130753674,0.0038027531154121758,0.036411002873646896,0.009744106613212221
 ,0.07735484384153869,0.007790351504451258,0.03816218065541523,0.0034008954855413755,0.03398542484042261,0.008672710952889327
billyray13,0.054905855575972023,0.005306950841774497,0.02834399323193365,0.00322468624368555,0.027679119283182934,0.007665778974914286
BobbyLarken,0.07146791825791009,0.007324195701928222,0.0379906133377313,0.0032301800136967,0.034474037394822465,0.008559979928020862
Kamaria,0.10936788056743478,0.00828761386792329,0.04708313613791235,0.0034996568414765576,0.043630185085566674,0.010283501496829175
FieldMarshall316,0.10051471044137661,0.007538172497259929,0.04446561015924066,0.003437801588836341,0.04809687900691259,0.009851038006404972
jagacontest,0.08702533552442429,0.006071854757035377,0.036885812413250174,0.0034933024015953718,0.03258783250287046,0.008189525319063355
willanthony,0.149088906166797,0.009169513849896034,0.04897838283835548,0.0037811782291376924,0.05008753973369398,0.009863121177076292
theplebe,0.06986351985039806,0.007875099287608189,0.03166378318575575,0.0035443949827553747,0.02746722912500388,0.008111968762419557
discovery721,0.09536401804570416,0.008851900202780783,0.04322780480418909,0.0034942773488667272,0.04615708963051411,0.008979653622247001
 ,0.17507905698336526,0.011255727102401988,0.054125901081047194,0.0040599074110979905,0.06272892046087522,0.01412123358433876
 ,0.047327675436399125,0.005040734648299455,0.02524015332723578,0.003025592845748161,0.023510436525966304,0.006875653323361947
 ,0.23344907811175863,0.014364603720195915,0.0841721994910475,0.004471511996549568,0.11367374885325451,0.014131010365576938
tarzan322,0.06276308719984218,0.004888588992304022,0.026922133115480106,0.003150887680391935,0.024179172335965234,0.007279996236243933
Kharos,0.09568106444392119,0.00828951846426528,0.04785529110485456,0.003603803096559703,0.04351583796041011,0.009636719842030553
steevo37,0.06868408989903754,0.007011359897035508,0.034891457636031235,0.00318376845678349,0.03160587235591068,0.009401420884409569
randomshadow,0.11195388610086505,0.005716019100736435,0.03668754324488323,0.0029305740218187764,0.04498503097824859,0.007625954293619369
iLickMyDogsNuts,0.5699214354413691,0.028833092945652665,0.346487841905589,0.006480702935111378,0.2777981259623566,0.01905606078802929
Pimptech,0.07231258093343457,0.007635413294409581,0.0331875196300732,0.003530282221492686,0.029860305952575758,0.00838844921748666
StalkerFishy,0.09076168355543884,0.007948094600125246,0.03584031718711369,0.0035225819867436,0.041339214430007896,0.010444307560432015
iLickMyDogsNuts,0.1398751545420434,0.008653945939990361,0.05385846549276433,0.004046739117093834,0.0587967076864809,0.010107076238112892
Akaida,0.08864873266186962,0.005577293884849014,0.03697428039636848,0.0032890061989005975,0.03366334235858803,0.007964564407431422
deathisnear,0.14635361986016596,0.008810148753656618,0.04737062980918286,0.003299378058307209,0.04882191209155926,0.01017091085410008
realitycheck111,0.09166685623618724,0.006593282122572038,0.03758130866195365,0.0036107339084540772,0.03313005939717848,0.00865775935743703
 ,0.1012798233146848,0.008509067858293135,0.04761715553075155,0.0035403251656536063,0.04211469169665161,0.009271007924484804
realitycheck111,0.08326926358854199,0.006099002385638536,0.03758040608388358,0.002985763853939859,0.030071503849385898,0.007896003829714419
 ,0.13004359191939158,0.006634589465418715,0.05619960487189705,0.003672440032657583,0.042362031402041755,0.008697000117966164
B12Mega,0.30349474709621704,0.01467568433092883,0.1616065034442472,0.004884164087681511,0.09893585110042558,0.013019624674501643
downvotethis2,0.10984036145964268,0.009176746614921242,0.04284970690673429,0.003546521316798004,0.045194916612260154,0.009938735905797939
RevolverOctopus,0.07053478864047559,0.006817380084598418,0.033512502579229934,0.0033914022782208027,0.03203984077884946,0.008907212641310527
ramblingpariah,0.15386143877805478,0.009072240713238429,0.061700073873473205,0.0033767107490588985,0.06252448389427039,0.012562845927760354
Nazi_Of_The_Grammar,0.09012589141542696,0.00843298767374136,0.04048329659820608,0.003544428135867952,0.036898064514036454,0.009006160233430403
 ,0.13536782716504267,0.006996960523414147,0.044639236501242956,0.00322763455589268,0.05989027132357675,0.011193973151583601
Spritzer784030,0.06257379227407706,0.0064724192625855844,0.027899318249033963,0.0032343101042020153,0.0250178374269558,0.00853724893707001
ophello,0.08412038032998947,0.006203439336951019,0.03461635288367453,0.002846327979651625,0.027615419390914147,0.008409480615195574
canudiglett,0.07428610386621734,0.005987777855368799,0.03110510859387146,0.0029108182743689307,0.03114315294250349,0.010063213113148539
zach1740,0.04703787913967667,0.0048238658035410185,0.024563112261775287,0.003005439369283521,0.02183480929665798,0.007448885070431975
cr0ft,0.07368855357661475,0.004331357206498063,0.02671737962196311,0.0036524740818765842,0.027676671788578886,0.007019774699838531
 ,0.6326485609424163,0.030397177454118882,0.36428092499768494,0.005033477038259192,0.30274189018154957,0.02603897688699947
Toastly,0.155113471977166,0.011050895305700574,0.05630274954325933,0.0035765323800281616,0.0633303178149353,0.011914561132953534
mrspiffy12,0.3311960644187826,0.018979540559927423,0.19407078492248375,0.0042228895232891885,0.10434133186973517,0.017891455955704818
armacitis,0.16415275959561182,0.012283662726618235,0.13128408910767278,0.003779590148778194,0.06538975207137969,0.011624060885967291
mrspiffy12,0.0731370594236777,0.007272956019915387,0.034513086036842514,0.0032824347204400348,0.03193942001413751,0.008401768177087177
progrockusa,0.09491598036171443,0.008382051045405056,0.037235442101626014,0.00338837320429922,0.038113326531939745,0.009882954657925252
Rancel21342,0.160301121413354,0.00699783675327483,0.05144069565068073,0.003346185122367241,0.05157062472764522,0.01058405855807613
zdaytonaroadster,0.1245620465309032,0.006672958035028544,0.050749533410626116,0.0035923915194021063,0.04829327990099032,0.010412848860054379
 ,0.09495782516705176,0.009396694456048299,0.039236792858294546,0.003643913105976564,0.04498475372231675,0.008963350661866813
GolgothaAvante,0.07125166760866053,0.006380540502523024,0.02902589585212519,0.003400629265739951,0.02823057763701897,0.009584858387843941
Nikken6,0.44993035454680663,0.03262732011242832,0.3409476741737267,0.0047926520532621305,0.14754604174138006,0.016972199330069666
Bresdin,0.2565323514000865,0.017706296514836215,0.16536958424344458,0.004656500293643503,0.08036849198523775,0.01355990524336891
JohnsOpinion,0.08260192328205754,0.007852099215483263,0.036984676186819374,0.003720000779698508,0.034643005885624197,0.00940630263583694
aggierogue3,0.07262351048664621,0.007188001916058491,0.0345285052472915,0.0031405319391097724,0.034433974576031805,0.008975656802767556
ChaseAlmighty,0.028558334734272953,0.0038528524888194198,0.015654516513652413,0.0024848675644429676,0.013664158365540406,0.008205147214208227
growling_owl,0.07873900341539852,0.007351294342666026,0.03735031956880675,0.003466324690117505,0.040158468713942415,0.009014670092578317
barfolamew,0.05997696851254324,0.007600018990066113,0.03580212538141407,0.003465271335064043,0.03223370601772086,0.009637271705406942
runMG,0.12418312253935515,0.010422908985034876,0.04685762311653719,0.003886537430683214,0.05029131465498792,0.011201037670112378
marty86morgan,0.051584827982049775,0.006270948807413003,0.024447990178033882,0.003051276452318147,0.023263043392073517,0.0074751341014099235
everydayathursday,0.1054770463169018,0.006968113880044578,0.038369189322871214,0.00327348658204198,0.03485541067753451,0.00840074529798199
I_WIN_DEAL_WITH_IT,0.47810359453473034,0.009867407325722836,0.17367589706633935,0.0041502388288031065,0.12697148039216294,0.011849316877548572
UsernameUsername1212,0.15124241600862548,0.009381531166923899,0.0593940616384204,0.003612010210296252,0.060607030833101275,0.011548167585667467
charlesgrrr,0.11531293665850498,0.009769233635545235,0.07216445194140622,0.003479319955465288,0.04549281275288387,0.010907719174567697
 ,0.3419585585910792,0.022305910449792417,0.23490772420766678,0.004341226424639648,0.11928681463135556,0.017543118476768402
hvyboots,0.06187511228744491,0.005483340705319718,0.03314438545145419,0.0032402912646597192,0.02659269537622273,0.007290385834719238
dev67,0.06114900284164827,0.006629634546141363,0.03792216961477109,0.0031650124087988516,0.0295721731871023,0.006943305205348118
hellokitty,0.08740581009841726,0.009640754760675364,0.03943008896848665,0.003601596348371134,0.04354075678962962,0.009950555714686568
 ,0.10437602466076748,0.009190287159773105,0.049688971795537,0.0037448246002099264,0.043708058434769215,0.009114858652976178
 ,0.1581226439836584,0.010400324615632226,0.061644475490537656,0.003975248460103225,0.05766949510237614,0.011270555701791179
Inebriator,0.06968474316132746,0.004671634382389304,0.039213344687440935,0.0026488817828164263,0.025371355734698862,0.00679774417090862
fantasyfest,0.10535586158486586,0.007735967198944156,0.043086198800455396,0.0036756074141885745,0.041651210139955486,0.01073798017688226
Inebriator,0.05227304191789342,0.005147922482513991,0.025640093890009256,0.003363913253297965,0.02195430489696803,0.007137280759268074
goodbadboy,0.09420315522374968,0.010433952918816361,0.04377357086824752,0.003884645415334125,0.04532045015759705,0.011115422195980891
 ,0.37920680869060996,0.025645770159855363,0.22987160815461744,0.005016681302121976,0.14306082917057836,0.01602620966304176
B12Mega,0.12989292656557738,0.006126852841462546,0.040135055000734284,0.003188011094282319,0.042609229024212034,0.009594809840787468
StalkerFishy,0.08340084437127429,0.0070101028589510915,0.03912193173559687,0.0032130822507405146,0.03753391000459986,0.00914636815932726
djlewt,0.08741459332003289,0.005574417497380633,0.034844465473463024,0.003280886673450973,0.03401700080926952,0.008307891911063093
fear_of_government,0.21125637623030846,0.012029366072367789,0.12841086183351388,0.005541346527022017,0.08039977769096118,0.01127115531329919
oinkery,0.060501384346756525,0.007748155564298911,0.03328894616556926,0.003354369806592655,0.03078102446506456,0.00878998679557507
ProdigaI,0.06169433077417321,0.006310072068739597,0.0287518588119315,0.0036638904681762343,0.027747586132371695,0.007867481750760845
muscle_city,0.14744544658262157,0.008850438444168648,0.04879864782099351,0.003478096055104925,0.05373415009712652,0.012079229730775794
Milltown,0.16972058061327375,0.009145464258923415,0.04928650643109153,0.00383263270788407,0.060289450649953356,0.010722980155237302
 ,0.07208687025147313,0.008491749230896331,0.03674212531604143,0.003613507329596505,0.03281826265385786,0.00931629095914517
LTVOLT,0.13757020179715715,0.006895604089625532,0.04709878465303584,0.003400509470461934,0.05266283102787082,0.009749305262046131
Paddington3773,0.14442642528047056,0.007297086695744813,0.05248388208660104,0.003976637344931212,0.05266120026130916,0.009851682030119876
 ,0.07372202234433918,0.00821273947568302,0.04192195522010273,0.003216100328484247,0.037300802500601284,0.011124413753255336
 ,0.19756887872408133,0.011424888189895236,0.05852158108144514,0.00360401004142232,0.06885352413024544,0.013527970849142638
merdock379,0.05514318292359372,0.005188110746959036,0.025161617771131937,0.00316512771776976,0.022011394011278367,0.006974396292985043
 ,0.10033947376833122,0.006005730697619938,0.035413856084542866,0.003237449158478437,0.034148043142003315,0.007797576429865863
spion23,0.06576299515961105,0.007425100127815043,0.0359881774267365,0.0037616423147337655,0.03356984659275588,0.00866523301936897
Carnate,0.0877000610946948,0.007524817804526243,0.04217027306420245,0.0033557104376279734,0.044984395068852316,0.00918760095823702
saneone,0.15389716065154965,0.005373004185942919,0.03893440105712436,0.0033595832903725253,0.03950826511196172,0.007792334614899749
Kharos,0.09970726011104337,0.009586008427412066,0.04188427757665104,0.003567634082382147,0.042534498150638644,0.009726713911646468
saneone,0.0919775978441212,0.006601557413947355,0.034866536557554936,0.003340800916804272,0.03838344133371092,0.0075389667812658274
Rocket80,0.34318711848959327,0.02954768573543437,0.2825353077940986,0.0046093249349661485,0.1383430298582732,0.01948752575471073
 ,0.31457165214919025,0.00980338380082281,0.1067096938892191,0.003980046930698244,0.13306812887663433,0.01469071819194377
QuesoPantera,0.08150551822357484,0.006773832616982559,0.03457886663871038,0.0035569896993162607,0.02872394033804967,0.008984151777107709
a_dose_of_reason,0.06118634572647843,0.0042802134356049746,0.027159043479779134,0.0027360264579149867,0.021335560822518435,0.006185750845145702
 ,0.08838365187748363,0.007965518757729839,0.04046965206589261,0.0034507189780289653,0.04063654944362041,0.010252738371541524
thenamesIAN,0.9037629307737923,0.10165455264117912,0.8097066608095572,0.007477100285550553,0.45795182578377175,0.03309085960667691
jamesrkeene,0.1284347571622996,0.010521026922860301,0.06462422967572971,0.003567070431329609,0.049007046801976206,0.011276240909736146
 ,0.048149364024837105,0.004940829784910718,0.02695944612820461,0.003019086110856669,0.02338875278363974,0.008123875499752558
trosalba,0.11844917655356338,0.010239433271608568,0.05259083077427858,0.0036211704331297325,0.04876192312469531,0.01012952693149509
 ,0.0884848421277115,0.007656815725884377,0.04237131096912753,0.0032904047317920157,0.039587941744237666,0.010135775507871623
BeautifulGanymede,0.06539381871157801,0.007037230498294784,0.03670678865487509,0.0033730436465022333,0.032815060023457875,0.009695297128609674
jgiampaolo70,0.5253889680498358,0.025463182010735903,0.3470035785427703,0.00450205643407359,0.14974362447955933,0.017812565875924558
bowtiesnfezzesrcool,0.1111053107520408,0.007592057323273558,0.04587106422210989,0.0033953527398533144,0.03679899934473432,0.008721870196054748
michaelwestenburn,0.42708397635576534,0.016977280836920478,0.21722666810518657,0.004053227097220944,0.09750482310812804,0.014360031942521305
Uber_Republican,0.23076001810078853,0.006987779562281157,0.06476711475867707,0.0037636003340286777,0.059459354540206434,0.009706629937532825
Sidwill,0.24730439693927242,0.012391162618644688,0.08334343838312287,0.004431117302807031,0.1304876489238921,0.014915650209011708
SirWhy,0.14171320507223048,0.010548457509912311,0.062359988599335454,0.004076388084315843,0.058831748369572674,0.010406782916793178
Palhinuk,0.12028212341174907,0.011703377968677306,0.05397344801106712,0.0041216172781054425,0.052924659978444276,0.011798185931419227
JoCool1,0.10644442996684128,0.006936162962624309,0.044203834044680174,0.0031430870495755235,0.041607005408592586,0.009891213638656731
Janake,0.4840793524990004,0.02639513446991911,0.3548587948257323,0.00455965980405645,0.14693831778318384,0.016671796004132305
infowarrior411,0.8504737948084002,0.024057719328206578,0.36545238022115034,0.004561497838193029,0.524149357606061,0.026955666994441654
Exsanguinatus,0.05358241020920918,0.006825843995586969,0.031495217814499474,0.0031806485488296587,0.02836498910671857,0.00830526607692043
mcstankin,0.1725829206585903,0.005244539767212888,0.053492062461873505,0.0034077708205942064,0.05517231235086982,0.007368286129223692
manonthemount,0.38299443376441483,0.01898856581510238,0.23703387401125156,0.0046761226157653775,0.18858659091644253,0.018506812818495665
 ,0.2684781243895213,0.008634549013552406,0.07250361311459623,0.0035452568655000667,0.08961936364067892,0.012900435847064988
DeathProof1979,0.6978906978495493,0.041738369700946146,0.45661004218372764,0.005340725858385561,0.31133090715700823,0.02685273016331786
Flumptastic,0.44506081752609644,0.017634166622352745,0.19817342224430798,0.004150556174528148,0.19927633215680682,0.012800296963971634
pdrabin,0.08696294862508998,0.007796063525032955,0.03723515546277206,0.0035802162823676976,0.030857644915517977,0.009274548794924854
Spritzer784030,0.04439685647074641,0.006698563298186338,0.02694866941150816,0.0033288563322827333,0.02407148896392201,0.0075261029394644435
Marbleye,0.08371826542124282,0.006988543403871462,0.03443412330527689,0.0034079127357979737,0.035564430945854944,0.010328078440880737
jerseyfox,0.19967803302374,0.011810728646855074,0.12014248955888789,0.0038861441551754096,0.07214939600428391,0.013228759773651488
windowvision,0.10716621985594069,0.010528631555741533,0.049164808082499505,0.003828521130886172,0.04985249061795836,0.011353396604593162
MrMathamagician,0.15311140959249842,0.005536928371116339,0.04290123142347659,0.003102368639029089,0.06103489801393664,0.007879233008830096
